apartment_id,fecha,Review,RatingPrediccion
10047964,2016-04-02T04:00:00Z,"Zeynep was a most welcoming and generous host, with a gorgeous, comfortable flat - as advertised! The flat is light and spacious, kitchen well-equipped, bed comfortable (both beds actually), and bathroom clean, with great shower pressure. Zeynep prepared a note with key information about the flat, which was great to have for reference. I especially appreciated the ground coffee and coffee maker. The fact that there was a desk in the house made my stay all the more comfortable - I had a proper place to sit down at my computer.\r\n\r\nIt",1
10133554,2018-05-07T04:00:00Z,"Location is wonderful, especially for a first-timer in Istanbul. I went with my boyfriend who had been to the city before, and my first visit was fantastic in the area of Mehmit",6
10115921,2016-02-01T05:00:00Z,"This place and the service has a lot of potential but certainly has not reached its prime yet. Ahmet was very quick to respond and approve my reservation which is great. He was also very responsive to additional questions. The residence service at the counter was also good and the blokes were helpful. The apartment is clean and spacious, although it could do with a couple of extra basic necessities particularly in the kitchen. 

However, two main things made this experience rather average instead of great.
- I reserved a flat with TWO bedrooms and only got one. I complained and they relocated me to a bigger apartment with two separate beds, but still ONE bedroom.  Upon booking make sure to confirm its two bedrooms you sign up to.

- Saturday seemed to be national construction day which meant 8am rise and shine. sunday there was activity too although less loud. Normally not a problem but not great when you experienced some of the Istanbul night life the night before. A notice about this at least would have been great",6
10115921,2016-04-09T04:00:00Z,"The location is just perfect. You can find everything in the neighborhood such as restaurants, supermarket, exchange, shops....etc.
The lobby of the hotel is small.
I stayed in the two bedroom apt.
Unfortunately, the second room has the bathroom while the master bedroom has none. You have to use the one in the living room.
Some of the staff in the Hotel are very very helpful like Mustafa and some are friendly like Mohamed",6
10115921,2017-08-07T04:00:00Z,They have to check the type of apartment,2
10092679,2018-12-21T05:00:00Z,"My warmest recomandations! Great flat with cool objects and a nice homey feel. Ali was a superb host, very helpful and good at English. Super pleasant and interesting company. The flat is quite and has fast WiFi. 24/7 shop around the corner. Easy to get to Taksim by bus or foot. All the best to u my friend, and thanks",8
10354347,2017-12-27T05:00:00Z,The host canceled this reservation 4 days before arrival. This is an automated posting,1
1038163,2019-02-04T05:00:00Z,Great apartment. It was about 200m from Istiklal Caddesi. Everything was absolutely fantastic,8
10486984,2019-02-10T05:00:00Z,"The best place to stay in Istanbul. The place is really near to Taksim Square. Once you get out from the house, you can just walk up around 5 minutes. Then, you will be at the Istiklal Street and it just 5 minutes walk to get to Taksim Square. Also, it is so nearby to Galata Tower too. It is easy to connect with public transportation as the metro station is just nearby. This place is also nearby to the Istiklal Street. The famous shopping street in Istanbul. So, I highly recommend this place to anyone out there when you want to visit Istanbul. Aybike is a very good host. She offered me a help if i had left something in Bursa. Well that was a really over the top of attitude. What an amazing person she is",8
1058555,2018-12-23T05:00:00Z,"Nihat is very attentive, a good advisor; he knows the city very well and guides you to any place. The accommodation is ideal for those who want to save money",6
11409841,2019-02-07T05:00:00Z,The place is literally great! Its located next to Blue Mosque and everything else very close to the apartment. Room looks exactly how its on the picture. Id love to visit Istanbul and definitely will choose the same place to stay,8
1074008,2015-06-30T04:00:00Z,The host canceled this reservation 107 days before arrival. This is an automated posting,1
10782351,2017-11-24T05:00:00Z,Location is great- very Central but tucked in a quiet street. Very attentive staff. Very clean and comfortable,8
11144250,2018-08-26T04:00:00Z,Eser was great. Communicated well and kept us informed also helpful with local information and tips. Nice apartment. well located on a lovely island,8
10985735,2016-09-10T04:00:00Z,"Sanem is very attentive and helpful. Finding the place was a bit difficult. But the house and garden are amazing, the location very nice and the island really lovely and relaxing. All in all highly recommended",8
10742116,2019-01-02T05:00:00Z,We rented this place to be closer to family and downtown Nisanrasi. It was an amazing spot very convenient. Clean and new apartment. Highligh suggested,8
11488558,2017-05-09T04:00:00Z,"Since it was my first time to use Airbnb, being Aylin",1
11796483,2018-04-09T04:00:00Z,The host was quite rude,2
1182475,2019-02-02T05:00:00Z,"It’s a clean apartment in a central location. However, Nurhan is very helpful and accommodating",8
12220612,2019-01-10T05:00:00Z,"Check-in is very easy as the house is located behind the restaurant/bar where Zenka works and waiters are there to help. Nevertheless, you do have your privacy. The apartment is located on the top floor (attic) room of a house. Tall people should not stay here as the ceiling is very low. The accommodation is basic with one main space with a television, small couch, and sink with a portable electric stove-top and kettle. There could be more pots and pans. Adjoining this room are two bedrooms each with two mattresses which, pushed together, make a double bed. The restaurant/ pub could be a little noisy on Friday and Saturday nights, but it didn",8
12097507,2019-01-30T05:00:00Z,It was a perfect place it is a very clean and lovely,6
1215226,2019-01-29T05:00:00Z,Good apartment,5
12288463,2019-02-09T05:00:00Z,"Highly recommend, fantastic location, superb apartment. Decor was charming and Ayse went above and beyond our expectations! Book quickly",8
12247516,2019-02-10T05:00:00Z,"Amazing! :) In a perfect location, super clean and accommodating. Beds, pillow and blankets are comforting. Handan is a really communicative and quickly satisfied all our needs. Would recommend everyone to stay in this stylish flat",1
12896435,2018-11-04T04:00:00Z,"De l'appartement, l'emplacement est vraiment mauvais, loin de tout. La propreté était loin d'être impeccable, il y avait des toiles d'araignée et de la poussière partout. Il n'y avait aucune intimité, le voisin était très bruyant et on entendait tout. Le propriétaire était distant et peu réactif",3
12857841,2017-09-26T04:00:00Z,"6 . We rented this apartment for one knock in Istanbul, the apartment completely corresponds to the photo, the location is excellent in the sakm center, the Blue Mosque, Hagia Sophia and the Grand Bazaar are within walking distance. The owner is very friendly, speaks English and a little Russian. The apartment is quite spacious, we accommodated 6 people there",8
12857841,2018-03-12T04:00:00Z,"Ali and Ramazan were very attentive and hospitable hosts, the apartment was very well-located, comfortable, and made our experience the best. Many thanks again",8
12857841,2018-03-26T04:00:00Z,We had amazing experience stay in Istanbul.  The place was exceptionally clean and spacious.  Both Ramazan and his assistance Ali were very helpful,1
12857841,2018-04-08T04:00:00Z,"Ramazan the landlord, is very quite man but  he is very helpful. His apartment is suitable for my family (7 adult+3 kids) with 2 bathroom + 2 toilets, enough space kitchen, living and dining room. 5 minutes to Blue mosque, metro station.
Ramazan family has a restaurant, close to apartment, in my opinion is one of the best for taste and price, Thanks to Mr Osman, owner and chef who cook for my family a delicious testi kebap and tuzda balik. 
To make is short we have a beautiful memory of stay in Mr Ramazan apartment",8
12857841,2018-06-11T04:00:00Z,"This Airbnb fully met expectations. The communication and welcome were excellent, and they provided great help, for example, with getting a taxi",8
13112091,2018-06-30T04:00:00Z,"A nice and complete room, wonderful pools, gym, 15 minutes by walk to the nearest mall, very responsive owner,  and a very reasonable price, what else do you need to complete your wonderful experience in Istanbul? THIS IS DEFINITELY THE PLACE TO GO TO! I will definitely suggest this place to everybody who will visits istanbul. The owner is very toughtful also, and she is very nice",9
13272687,2019-02-03T05:00:00Z,"Chroniss Apartment is most amazing one in the AirBnB because  fantastic view of Golden Horn, perfect location that very close to stiklal Street, comfortable design for guests and professional house keeping services by Margarita. Street was very silent to take a rest and good sleeping at night although close to attractive places.  We felt like a month although stayed 9 nights only. We loved the apartment and take our time to have coffee in front of window to look perfect panaroma and listen cool music. If you like to enjoy your time, this apartment is definitely for you... Thanks for your kind hosting and professional services.  Hope to see you again",9
13164714,2019-01-04T05:00:00Z,"Tugba was a really nice host, although our flight had a delay, she waited patiently for us. \nother than that the apartment was in a really good condition and the location of the place was exceptional",8
13696235,2018-11-27T05:00:00Z,"We stayed for 10 days in Istanbul and felt very comfortable in this apartment. The apartment has a small, built-in kitchen, which allows you to cook. The apartment is cleaned daily and towels are changed. Unfortunately, the Wi-Fi connection was very slow.

The location is directly on the coast between the Hagia Sophia and the Sultan Ahmed Mosque. So every day began and ended with a very nice walk.

Upon arrival, you must register at the responsible hotel (I believe it's called Spindel). It's located just around the corner and the reception is staffed 24 hours a day. Very friendly staff",8
13827870,2019-01-20T05:00:00Z,"Amazing host and very informative, perfect location in Taksim Square! Would recommend this apartment, as well as a, short or extended stay in Istanbul",8
1413677,2019-02-06T05:00:00Z,"Amazing
Merveilleux
Harika",2
14173253,2016-08-31T04:00:00Z,"This is a beautiful place as a hotel, but if you want to feel like you're in your own home, I wouldn't recommend it. The service and amenities are not provided like a typical hotel",4
14173253,2018-08-18T04:00:00Z,orta st,1
14173253,2018-09-25T04:00:00Z,"This is a very good hotel with a lovely view! The location is decent for accessing public transport, but the housekeeping service needs improvement",6
14146422,2018-07-31T04:00:00Z,"Aysem was very welcoming and kind, despite a very hectic arrival. I really enjoyed my evening with her in Kadiky and hope to return soon",8
14172532,2019-01-14T05:00:00Z,It is a room of a hostel. The hosts are very friendly and provides a lot of tips. Room is clean and towels provided. The shared bathroom was cleaned daily and sometimes it also depends on the other guests. I suggest add more light in the 2nd floor bathrooms. They also provided laundry and printing services. The lounge area is also a good place to hangout and meet other people,7
14294961,2019-01-28T05:00:00Z,"Perfect location, cozy, convenient, nice, and Aytach is the perfect company",4
14385513,2019-01-30T05:00:00Z,"In the heart of the Moda district, a discreet host offers a pleasant place to flourish in Istanbul",8
14360913,2018-04-03T04:00:00Z,"Really good location 5 mins walk from the Blue Mosque and hippodrome. Ismail was a really good host, great with kids, helpful in all respects from sightseeing to tips on how to get around. Room was clean and cozy. Fresh towels linen etc every day. Highly recommended",9
1476508,2019-02-07T05:00:00Z,Very nice and hospitable guy,6
1503655,2017-01-08T05:00:00Z,"The apartment is as shown in the pictures, it is very clean and in a nice location. The host is superb",8
1503655,2017-10-16T04:00:00Z,Pelins cosy apartment lies in a quiet street in a vivid part of Istanbul. It has all the amenities to make you feel at home. The bed was good. And the apartment was very clean. T1 to the airport is 5 min walk. Pelin is a wonderful host too,8
1503655,2017-11-17T05:00:00Z,"Comfy and charming apartment with 20+ foot high ceilings. The flat is in a great neighborhood. There are hip cafes and restaurants, and little markets all around, and a terrific bakery right across the street sells some of the best simit and other small breads in town. It is also easy to walk to the center of Cihangir, Karikoy, or Taxsim. Pelin is an attentive and helpful host. Great stay in my favorite Istanbul neighborhood",9
15417267,2019-02-03T05:00:00Z,Our room was a bit different than the photos. It wasn,4
1550449,2015-09-28T04:00:00Z,"The district was very calm, and there were two supermarkets within a minute of walking which can provide whatever you lack. Arda was very kind and helpful, and the house has everything you may need during your accomodation. My only concern was the cat, but she ignores you unless you call her",7
1550449,2015-10-01T04:00:00Z,I can perfectly describe it in one word: it’s a huge advantage that the house is very close to the main street and the beach,6
1550449,2018-09-21T04:00:00Z,A silent room near the Bosphorus. Aras very helpful person. Thank you Aras,7
1560753,2014-01-03T05:00:00Z,"Great place, near  Taksim Square, about 10 minutes from it by walking. Very polite, friendly and helpful host, we are impressed. Appartement is clean,big enough,with regular service. All in all-awesome! Thank you for everything. Regards from Marijana & eljko",8
15824730,2019-01-13T05:00:00Z,"We enjoyed our stay in Istanbul. The room was clean, the staff was very helpful and kind. The location is safe and close to the tram and main tourist attractions. For the price, it we couldn",8
15963882,2017-07-14T04:00:00Z,The host canceled this reservation the day before arrival. This is an automated posting,1
15963882,2018-08-08T04:00:00Z,"This was a wonderfully magical place with a grand view, very quiet and relaxing on a fantastic island. Celal was a wonderful host who took great care of our well-being and recommended his favorite places and shopping locations. It was the best place we’ve been on the Prince Islands so far",9
16060640,2017-10-22T04:00:00Z,The host canceled this reservation the day before arrival. This is an automated posting,1
1635900,2019-02-17T05:00:00Z,i airbnb quite a lot and this was one of ky best picks. the value is pretty amazing. you are smack dab in istanbul close to every thing...its close to the action but isnt noisy at night.  i will def try and make it back to this wonderful place,8
16155960,2016-12-20T05:00:00Z,The host canceled this reservation 11 days before arrival. This is an automated posting,1
16155960,2017-01-07T05:00:00Z,It was good,5
16155960,2018-06-22T04:00:00Z,The host canceled this reservation 5 days before arrival. This is an automated posting,1
16214034,2019-02-02T05:00:00Z,good location and good reception who is willing to help,6
16241397,2016-12-31T05:00:00Z,do it,1
16241397,2017-06-06T04:00:00Z,"Galata guesthouse is one of the best places to stay in Istanbul.  Location is central and walking distance from all the major sites, there is public transport both tramvay and metro 5 minutes from the residence. The view on the roof is amazing and all in all it was a memorable experience. Communication was relaxed and we made all agreements easily",9
16241397,2017-06-23T04:00:00Z,"Nice people. The apartment is in a very run down area only used for selling construction goods. It is not an apartment, it is a hotel in a non residential area",2
16241397,2017-10-15T04:00:00Z,The AI responds promptly. It’s a helpful person for the duration of the stay,2
1676806,2014-08-18T04:00:00Z,We were made to feel welcome. He gave good information. The room/studio was clean and comfortable. We liked it very much,8
16775246,2018-04-14T04:00:00Z,The host canceled this reservation 8 days before arrival. This is an automated posting,1
1685970,2015-01-04T05:00:00Z,We stayed 5 nights in Esra,2
18157368,2018-11-24T05:00:00Z,"Best airbnb place i stayed so far in istanbul. Centrally placed,  historical apartment in a quite neigbourhood. High ceilings, stylish decoration, sparkling clean, comfortable room, outstanding hospitality",1
18277596,2018-08-16T04:00:00Z,The host canceled this reservation 5 days before arrival. This is an automated posting,1
18137446,2017-08-23T04:00:00Z,"The people is a friendly 
I like this apartment is very nice",2
18137446,2017-09-03T04:00:00Z,Very kind man .. also very nice home .. i was there for 5 nights with my big family .. big house and great location .. good communication good answering .. everything was great,8
18137446,2017-12-01T05:00:00Z,The host canceled this reservation 22 days before arrival. This is an automated posting,1
18137446,2018-03-17T04:00:00Z,"Excellent location - close to airport, big part and seaside. Stylish, quite and luminous place, with excellent view from big balcony on the park and sea. Caner kindly met us at the bus station. Overall we enjoyed very much from our stay at Caners place",9
18137446,2018-04-10T04:00:00Z,"Great house and good location, easily accessible to everything",6
18137446,2018-04-18T04:00:00Z,The host canceled this reservation 11 days before arrival. This is an automated posting,1
18137446,2018-04-28T04:00:00Z,Thank you for cleaning it up here,4
18137446,2018-05-31T04:00:00Z,The host canceled this reservation 9 days before arrival. This is an automated posting,1
18137446,2018-06-03T04:00:00Z,"Caner was very accommodating and his place was better than the pictures showed, clean and stylish.
Very quite street and walkable to restaurants and cafes",8
18137446,2018-06-30T04:00:00Z,Everything was very good and top-notch,8
18137446,2018-07-11T04:00:00Z,"Great place!  Comfortable beds, huge kitchen.  Very peaceful street. Amazing views from the terrace.  Easy to walk to grocery store and the park across the street is a great place to let the kids run.   Very easy to walk along the sea near Aqua Florya mall and Aquarium, plenty of play parks along the way",8
18137446,2018-07-31T04:00:00Z,"Great location and nicely furnished apartment with lots of privacy.
Great communication, highly recommended",8
18137446,2018-08-06T04:00:00Z,The host canceled this reservation 16 days before arrival. This is an automated posting,1
18137446,2018-09-10T04:00:00Z,"It was the most luxurious apartment I have ever been in Airbnb. Everything looks exactly like on photos, the view from terrace is magnificent and quiet safe neighborhood. Perfect place for families with a car",8
18137446,2018-09-23T04:00:00Z,"Huge place, great view and peaceful place.
It was a great time",6
17827642,2019-01-20T05:00:00Z,"It was a very pleasant stay. Emre Bey is a very attentive host, and I would recommend him to everyone",7
17971704,2018-10-21T04:00:00Z,The host canceled this reservation 12 days before arrival. This is an automated posting,1
17897640,2017-06-25T04:00:00Z,The place is really good! nice location and very pleasant host) highly recommend,6
18954080,2018-07-23T04:00:00Z,The host canceled this reservation 9 days before arrival. This is an automated posting,1
191079,2018-09-17T04:00:00Z,Ali is really an outstanding host. While it may be cliche to say that he responds to,6
19244141,2019-02-10T05:00:00Z,Amazing host. Clean. Save. Pleasure to have met him. Hope for future stay,6
19441009,2018-05-05T04:00:00Z,"Horrible, horrible, horrible. Don’t ever go there. It’s a scam – full of misleading information. It’s extremely dirty",1
19559597,2017-08-07T04:00:00Z,I advise,1
19559597,2017-09-17T04:00:00Z,Very very warm and hospitable...her English very good as well...would definately be back,6
19559597,2018-02-12T05:00:00Z,The apartment is awesome and very comfy and clean. Location is great. Access to everywhere is easy. Gunes was more than a great host. I enjoyed the place a lot and definitely recommend it. Also there is a supermarket right down the building which is an add to,8
19559597,2018-02-27T05:00:00Z,It was a great place really clean and comfy. The host host was more than helpful. Will definitely be back there. And highly recommended,8
19559597,2018-03-11T05:00:00Z,"At the first time they were very kind to me. 
Gnes and her co-workers helped us in the highest level.
We feel our selfe there like a in a 4**** hotel.

Mindenkinek csak ajnlani tudom, aki rrtk arnyban nagyon jt szeretne s szeret pozitvan csaldni!

We will back go there as soon as possible",6
19559597,2018-03-18T04:00:00Z,Very clean house,8
19559597,2018-05-13T04:00:00Z,"Everything was great lovely apartment, amazing shower and location was perfect for our needs, however, my only negative comments would be that the floors and carpets could have been cleaner as floors seemed dusty also the breakfast provided was extremely limited and to be honest for the standard of the accommodation not very good at all. Other than this everything was good, everyone was friendly and helpful",6
19559597,2018-08-31T04:00:00Z,"Its a hotel-like kind of a place, excellent facilities, clean, near a mall, with swimming pool",8
19559597,2019-01-11T05:00:00Z,Extremely happy with the property. Very clean and super comfortable stay.. highly recommended,8
19585860,2018-10-16T04:00:00Z,"Erdem is really nice guy, helped with a lot of things, location is good, safe and comfortable for travel. Apartment itself is quite good too and fine for the value",8
19800005,2017-09-27T04:00:00Z,"Erdinc is a wonderfully friendly and incredibly helpful. The room was basic but clean and the bed was comfortable. The balcony lets you look out onto Istanbul life. It is near a big road which makes it a little bit noisy, but the insulation is good, so when everything is closed you barely hear a thing. \n\nYou can walk to Taskin square in a little over 30 minutes or you can just take the Metro which is very close and will drop you off wherever you need to go. \n\nIn other words, great location and great value for money",8
2023934,2019-01-30T05:00:00Z,Pros \nLocation close to amenities and away from hustle and bustle/traffic\nPrice/value for money\nFlexible check in\nLots of space- good for couple\nBalcony\nGas stove (yay!)\n\nCons\nThin walls and noisy neighbours\nShower doesnt drain well (foot spa,6
20275415,2018-01-12T05:00:00Z,"Murat is not just a great host --- he took his time showing me around the city, welcoming me to join him and his friends for drinks, offering help with every question i had, teaching me some Turkish, even cooking and serving home-made meals (!) and a lot more. But above everything, I really appreciate and value the friendship and respect he provided with me so genuinely and graciously that one cannot ask for more when traveling in a foreign city.\n\nMurat",1
2073897,2019-01-10T05:00:00Z,"Highly recommended. Kubilay was very friendly and helpful; he explained everything you need to know. Without asking, he emailed me with instructions on how to get to the accommodation and the most emblematic sites by bus. Very detailed. I would have liked to have talked to him more, but my English isn’t very good. If I return, I’ll go back",8
20755043,2018-09-24T04:00:00Z,"Best place, a very beautiful and guiet locations, close to all of Istanbul",6
21174788,2018-09-01T04:00:00Z,"It looked like the photos on the website. The bed in the bedroom and the pillows weren’t comfortable. There were also cleanliness issues. The building’s parking area was usable, but you couldn’t use it from outside. It was a place that you could only be outside",6
21174788,2018-09-17T04:00:00Z,"Thank u!
For sure will be there again",2
21174788,2018-12-17T05:00:00Z,Irmac is a great host. Very nice and pleasant and always responsive,6
21061587,2017-12-31T05:00:00Z,The host canceled this reservation 5 days before arrival. This is an automated posting,1
21061587,2018-01-01T05:00:00Z,"Is 21 days trip in Turkey i have met the best of the host, the house is near the Ataturk International airport, the host is a good man, very warm and very nice, when i need help, he is very patient with me, same like my family",2
20792560,2018-11-14T05:00:00Z,"If you are looking for a place to stay and your budget is limited, this is your place, close to downtown, walking distance to Gran Bazar, Hagia Sofia even Topkapi, do not expect any fancy. Muro is a great host, he helps us to get a taxi, train, give us great tips about the city and always answer our questions. Breakfast is a plus, the variety, and taste make you feel in Turkey (instant coffee no my favorite all do",7
21155900,2017-10-17T04:00:00Z,The site is very pleasant. The host is friendly,6
21155900,2018-04-13T04:00:00Z,The host canceled this reservation 12 days before arrival. This is an automated posting,1
21155900,2018-04-20T04:00:00Z,"The room was quite comfortable and clean. The breakfast was very generous and good. It was also well-located. However, there was a significant effort needed regarding their responsiveness – it took 3 days to change a lightbulb",6
21155900,2018-05-07T04:00:00Z,"DO NOT BOOK - TURNED UP AND NO ROOM AVAILABLE, WAS LEFT AT 2AM WITH NOWHERE TO STAY, MANAGER REFUSED TO TALK TO US OR STAY WITH US",1
20672298,2018-11-26T05:00:00Z,"Wonderful place, great location close to everything needed, the staff was very helpful especially Mert ! thank you guys for making our trip beautiful",8
2118641,2019-01-23T05:00:00Z,"Basic, nice and clean, easy access to area attractions, great and timely communication from the host. Would stay again",8
20701559,2018-12-16T05:00:00Z,perfect place to stay,6
21497042,2018-05-12T04:00:00Z,"Gzel ve huzurlu bir yer tavsiye ederim konaklamayi dnucek insanlara . Beautiful and peaceful house. Lady rasha very nice person , I would recommended stay",3
2133967,2018-09-25T04:00:00Z,"Naz and Gulcin are very nice and available we had a great time staying in their apartment and we are really grateful for their hospitality. place was really clean and comfortable in a nice and quiet neighborhood, also location was really good around 3 minutes walking to metro, bus and shopping center. We felt the real Turkish culture, they made us Turkish breakfast and shared a lot of useful information about Turkey and Istanbul. We really enjoyed our time staying there and we definitely recommend for everyone",9
21493665,2017-11-04T04:00:00Z,"Farouq is an excellent host, when we arrived he showed us places where we can eat, shop, and different ways to arrive home. 
The apartment is beautiful, two bedrooms, two bathrooms, one kitchen, small but independent and has everything you need. It was also very clean. 
You can always find Farouq by (Hidden by Airbnb) , he helps you with every question. 
The apartment is in a good location, close to the Blue Mosque, Hagia Sophia and other interesting points. 
The wifi is not so good. 
Thanks for everything, magic city",9
21493665,2018-01-02T05:00:00Z,Clean and pleasant accommodation. Well located to visit many monuments,8
21493665,2018-01-18T05:00:00Z,"Excellent place and services. It’s close to historical sites, restaurants, and public transport",8
21493665,2018-02-18T05:00:00Z,We had a great vacation and Farouq is very good host. the apartment is clean and very welcoming. We recommend,8
21493665,2018-04-16T04:00:00Z,The perfect combination. Price and quality. The apartment is clean and comfortable. The location is excellent. A picturesque authentic area. 10 minutes to Sultanahmet. In the quarter where the apartment prices in restaurants are lower than in tourist places. Nearby great places. Excellent breakfast in Ziya Baba Turk Mutfagi.Inexpensive and tasty hookah in Reggae BR Shot & Food. Farouq quickly answers and solves the problems,1
21382912,2018-07-30T04:00:00Z,"Quiet and useful place, close to subway and restaurant. It was a good exprience",8
21816095,2018-10-08T04:00:00Z,My husband and I stayed 3 nights at Ahmet,2
21654414,2017-12-17T05:00:00Z,"the location is very central and convenient for a discovery of Istanbul, the flat is perfect for a couple : clean and comfortable",8
21654414,2018-02-12T05:00:00Z,Decent and clean rooms for a fair price,6
21654414,2018-02-25T05:00:00Z,"The location is lovely and quiet, thank you. We recommend it",6
21654414,2018-03-25T04:00:00Z,"Central location, modern and clean room for a good price",8
21654414,2018-10-01T04:00:00Z,"Good location a little away from the main tourist area, comfortable bed, warm in the cold and reliable internet. Easy communication and check in. Thank you",8
21654414,2018-10-24T04:00:00Z,Small room but clean and very close to Taksim. Friendly staff and flexible,7
21954331,2018-09-14T04:00:00Z,Was good location to stay,4
22134640,2018-08-17T04:00:00Z,The host canceled this reservation 5 days before arrival. This is an automated posting,1
21686582,2017-11-29T05:00:00Z,"Seyma is a great host! The flat is in the centre of Besiktas, well located in very a calm street. The room and the flat in general was very very clean. I recommend more than 100%. Thank you Seyma for all the support and attention. All the best, Thiago",9
21686582,2017-11-30T05:00:00Z,"The apartment is in a quiet street but very near the trendy area of Beikta with all the restaurants and nightlife. The apartment is clean and Seyma is very nice, a great host. I absolutely recommend this place",8
21686582,2018-07-08T04:00:00Z,"Flat located in one of the Best suburb of Istanbul. A respectful hospitality, so are the locals. Enjoyable and to do it again",8
22339946,2018-10-14T04:00:00Z,"If you’re looking for accommodation in the Anatolian side, this is a highly recommended option, especially considering the space and the price/quality ratio. The building is old, but the apartment doesn’t have a shared bathroom. The bathroom, toilet, kitchen, and bedroom are adequate in terms of cleanliness and amenities (toilet paper, soap, towel, coffee, cups, water, cleaning supplies, towels and blankets, etc",7
22624198,2018-10-21T04:00:00Z,"Nice flat, great location and cool host with amazing tips. Thanks Enes",8
23219274,2018-03-25T04:00:00Z,Amazing value and service highly recommend,6
22792908,2019-02-10T05:00:00Z,"Memo is amazing host! He is kind, funny and super helpful. Memo also made me delicious breakfast during my stays and gave me ton of awesome local tips. And the accommodation is right in the heart of the city, great connection to everywhere especially to those who enjoy sleepless neighborhood like Taksim. More importantly, bed is really comfortable. I would love to come back and stay at Memos place again. Totally recommend",9
23177595,2018-12-08T05:00:00Z,"Lovely place, very central so can walk to everything. Tahsin was very responsive. Altogether a great stay",8
23210868,2019-01-03T05:00:00Z,the best host that I have ever met!\nThey are always glad to help us!\nI promise that I will come to Turkey once again and still choose this one,8
2338855,2019-02-03T05:00:00Z,"3 - (4-) . This is a terrible experience. The apartment was dirty and not clean at all. There was no privacy, and it was extremely noisy. The host was unresponsive and unpleasant. :)))

The apartment was dirty and not clean at all. There was no privacy, and it was extremely noisy. The host was unresponsive and unpleasant",1
23440490,2019-02-01T05:00:00Z,"Good location. It’s close to the metro, but it’s complicated to climb the street with suitcases because there isn’t an elevator in the building",6
23298687,2018-04-01T04:00:00Z,The house we originally paid for was switched last minute due to a appliance issue. I did not know that the house was switched to another apartment until arrival in the home itself. The house was clean but very small. For 5 people traveling it was extremely tight. The stay was manageable and we tried to make the best of the experience but the home was not what I had originally paid and planned for,3
23298687,2018-04-10T04:00:00Z,Nice flat,4
23298687,2018-07-29T04:00:00Z,"This was a lovely apartment in a lively and busy neighborhood of Istanbul. Communication was excellent and very quick. However, we had higher expectations. The Wi-Fi connection was extremely poor, the toilet seat was broken, there was mold in the shower, and the windows and doors were difficult to open and close. The air conditioning, however, worked perfectly well",4
23482784,2018-11-09T05:00:00Z,"Very friendly and kind hearted host. They do things to make you feel at home. And also not boring with unneccessary rules and with disturbing pressure. And they ask you to share things with you which is also so kind. Also they care your personal needs too, once you share with them.\nLocation is also great. A big market is just next to home and ferries are very close",6
23788201,2019-02-04T05:00:00Z,What is a typical Airbnb moment? Our stay at Nalan,4
24492886,2018-11-06T05:00:00Z,Very good location,5
25134372,2018-06-25T04:00:00Z,"Ufuk is a great host. location is very good, it is 10 mins far from taksim square. if you have allergy againts cats, you should think twice because he has 2 cats",6
25134372,2018-07-05T04:00:00Z,The host canceled this reservation 3 days before arrival. This is an automated posting,1
25069056,2019-01-02T05:00:00Z,"Very close to Galata Tower and centrally located in Beyoglu, however they are renting out more than one similar space and using photos from other apartments than the one you",2
24418052,2018-06-15T04:00:00Z,"I thank Imini and Barkai for their warm welcome in their home,
First Berkay and Emini are very educated and friendly people, I loved talking to them and discussing many topics. In addition to spending time together, and the dog Max, a cute dog, will love him at first sight, I will miss him a lot.
Secondly, the room is clean and very quiet which contains everything the traveler wants.
Third, the transport is very close to the neighborhood, even it is safe and quiet and contains grocery stores and restaurants..etc .. I can rate my stay here with a rating of 10/10 (fantastic).
Finally, I thank Emini and Barkai for having welcomed me, I will miss him so much, my greetings to him & on another occasion inchallah.

AHMED BILAL BENYAHIA",1
24418052,2018-07-08T04:00:00Z,Great place to stay.  Emine and Berkay were very helpful and nothing was too much to ask.  House was clean and well equipped.  Its a bit fair from the centre but is well commected with public transport,8
24296834,2019-02-11T05:00:00Z,It’s a very spacious apartment. It’s very well-located. It’s close to Tapsin center and just a step away from the metro to Sultanahmet,8
25241699,2018-12-13T05:00:00Z,"Fatih is one of the best hosts that Ive met! Hes not just renting you a room, he shares his home with his guests and does this with all his heart. On the first day he made an amazing dinner for us, taught me how to make Turkish tea and coffee, and told a lot of interesting things about Turkey that only local man knows. He also made a list of best places in Istanbul that are not crowded with tourists and where you can feel real Istanbul life (has anyone ever done this for you?!) The apartment is located in really quite and friendly area, no tourists, real local experience and good transportation options to go anywhere. The room is nice and clean and has amazing view to the city and Bosphorus. So if you want to escape noisy and crowded touristic places and get to know real Turkish life and hospitality, you should definitely choose Fatihs place. Im sure youll be surprised to see Turkey with his eyes",9
25241699,2019-01-02T05:00:00Z,"Fatih is a great host, ready to help in different situations) 
Perfect location of the house, nice parks around, nothing of the usual touristic kind and very pleasant",6
24298167,2018-05-05T04:00:00Z,It was a great experience,6
24298167,2018-05-17T04:00:00Z,"Hello Artika

It was our great pleasure to book your brand new hotel this time. We felt very comfortable with our 4 days in Istanbul and all of our family are happy with accomodation and breakfast too and thank you once again for offering good facility to us and we wish you continue to have good business and life.  Thank you for all",6
24298167,2018-06-17T04:00:00Z,Lovely place with great location,6
24298167,2018-06-27T04:00:00Z,"Great place, location and value! Very good service from all the staff! Place is in mint conditions, great location and powerfull A/C and WiFi",8
24298167,2018-07-30T04:00:00Z,"Great location 
Clean hotel",4
24298167,2018-08-20T04:00:00Z,Great location . Close to tourist attraction places. Hotel staff very cooperative,6
24298167,2018-08-22T04:00:00Z,"The host is ready to assist when you need Communication is not s problem as he has a good command of English. 
Hands down,  I would recommend this place to anyone I know",8
24298167,2018-09-05T04:00:00Z,Great location and great greeting,6
24298167,2018-09-15T04:00:00Z,We enjoyed our stay there. The only issue was the ride back to the airport. The driver was about 30 minutes late to pick us up. Be sure to give yourself lots of time,6
24298167,2018-09-22T04:00:00Z,"The host was very welcoming and hospitable, and organised cheap and punctual airport transfer for us. The hotel is located in an excellent place and was only a 4 minute walk from Istanbuls main sites, this allowed us to come and go as we pleased during the day. The rooms were very clean  and air conditioned and the beds were comfortable. The hotel is located off the main streets so it is nice and quiet in the evening. The view from the terrace is amazing and all the staff spoke brilliant English. We felt comfortable around the staff and also organised activities such as a Turkish bath through the hotel. The host was swift in responding to queries, I would definitely go back and recommend this affordable and comfortable hotel",9
24298167,2018-10-02T04:00:00Z,"Place highly recommended. Perfect location, perfect communication, perfect accomodation. If I would come back to Istambul, I will definitively repeat Artika Hotel. Thanks for everything",9
24298167,2018-10-20T04:00:00Z,"The hotel is an excellent location, really close to the blue mosque, the grand bazar and many restaurants,  the hotel staff will try to do as much to help you have a great stay",8
24298167,2018-10-23T04:00:00Z,"Artika Hotel was outstanding. The rooms were clean and nice. We liked the bathrooms especially. The personal attention of Salih Bey was remarkable. He gave us tips on sights and was there for us in all respects. Salih Bey - thank you!

I can recommend artika to everyone who wants to discover Istanbul",9
24298167,2018-11-23T05:00:00Z,Outstanding location and clean rooms. Easy to reach attractions. Nice host,8
24298167,2018-12-03T05:00:00Z,"Beautiful stay, very nice hotel, super helpful staff, perfect location :))
We enjoyed our stay and if in Istanbul again will absolutely stay at Artika hotel again :))
Highly recommand",6
24298167,2018-12-05T05:00:00Z,"Perfect location, clean, good hospitality, very kind staff. Highly recommended",8
24298167,2019-01-14T05:00:00Z,"Staff are extremely  helpful
Location is very convenient less than 5 minutes walk to blue mosque 
Breakfast is basic",7
24298167,2019-02-04T05:00:00Z,"I would wholeheartedly recommend Artika to anyone. Communication was spot-on, the staff friendly and helpful to a fault, cleanliness was acceptable and the location just right. Being a 20 minute walk away from the Blue Mosque meant that we were never disturbed by the early morning call to prayer - so many reviews mention how noisy it can be. The beds were comfortable and we slept well. Breakfast was more than adequate, in fact, everything exceeded our expectations for a hotel in this price bracket. Salih and his team are able to arrange anything and provided us with good advice and tips on what and what not to do. We were travelling with my elderly mother who has mobility issues but she managed the location without difficulty: turn left out of the hotel up the steep hill and keep climbing until you hit the street with trams OR turn right and walk to the mosque along mostly level roads then walk back up the tram road from the Blue Mosque and then down to the hotel - easy. And DO check out the newly opened Roman cistern  just up the hill. Discovered in 2010 it is smaller than the Cistern Basilica but equally impressive and the crowds havent discovered it yet; we were the only visitors to this vast underground space with towering columns",9
25104214,2018-07-12T04:00:00Z,"Although the house is new and nicely located, the listing is inaccurate, and the hosts did not have the place prepared for guests. We were clearly their first guests. After a delayed check-in, we were greeted by broken window shutters and air conditioning units that didnt function. The apartment lacked the WIFI, laptop friendly work space, and washer/dryer units which are included in the listing. The hosts behaved more like landlords and did not apologize or go out of their way to help us when problems came up. They only reluctantly put a bed frame in the second bedroom (I had to insist, repeatedly). They refused to compensate us for the WIFI we were forced to purchase, although WIFI was on the apartment listing. We later found out that the TV was not set up either, so we couldn",3
25082056,2019-01-01T05:00:00Z,"Thanks again Ozgur for our stay in your flat. We instantly felt at home. I loved your decoration taste! We had the biggest room of the flat, really bright with really confortable bed. And we were lucky enough to be alone to enjoy this huge apartment! Everything you need is there, bathroom and kitchen are both well equipped. The area is very safe, and only a few minutes away from Osmanbey metro. We didn",8
251414,2012-01-06T05:00:00Z,"I had a very nice trip to Istanbul. The apartment is very nice and you feel like at home in there. The location is just perfect, you can walk to taksim in 5 minutes. I really liked the place a lot",8
24845400,2019-01-06T05:00:00Z,"The apartment is exactly as described – spacious and welcoming. It was very well-equipped. We highly recommend it. Semih was always very responsive, and we had a very pleasant week",9
24527330,2019-01-30T05:00:00Z,Really nice,4
24755982,2019-01-10T05:00:00Z,very great experience with Turkish family. actually I could not find words to describe the family,6
24960259,2018-09-08T04:00:00Z,It was great appartment,4
25239252,2018-09-16T04:00:00Z,"Amazing host. I was able to book the same day and last minute and was able to check in 20 minutes later. Great place, i would recommend",8
2432138,2015-03-31T04:00:00Z,"Great stay, great host! Perfect location! Everything was perfect in this wonderful city",8
25248977,2019-01-22T05:00:00Z,"Fantastic place with everything you need! Small convenience stores are less than 20 metres from your doorstep, and restaurants are a short 5minute walk. The room was spacious and clean with a perfectly designed bathroom. Even though temperatures were freezing outside, the room was well insulated without me having to adjust anything. Omer and his staff were extremely friendly and helpful throughout the entire trip",9
24652972,2018-07-08T04:00:00Z,The place was really nice and enjoyable,6
24652972,2018-07-21T04:00:00Z,It is a great place to stay! Can is cool and extra helpful. Can went an extra mile in driving us and showing us around. The kitchen and the bathroom were filled with all the essentials. We would love to stay here again sometime in the future. Special thanks to Cans parents who were sweet and generous and also went an extra mile by bringing us snacks and cooking us food. I highly recommend Cans apartment for anyone visiting Turkey,8
24652972,2018-11-02T04:00:00Z,Thank you very much to the host. It was a very nice stay,5
24652972,2019-01-25T05:00:00Z,Very nice place,5
25277573,2019-01-05T05:00:00Z,"The location of the house is very good, and the flat is quite comfortable in general. We did not have any problems with the overall cleanliness. \nHowever the house did not have some of the simple basic things like garbage bags or a hand towel for kitchen or the bathroom -(big towels were provided as promised). The water for the shower did not heat properly unless we increased the temperature from the CV-kettle (the big heater), which we had to figure out ourselves. These things did not matter too much in the end but we felt like the host could have been more thoughtful about them.\n\nThe communication could have been definitely better before we checked-in. Until the last moment we (like 1 day before or so) we did not get further information on the flat. I messaged the host a few times asking questions about check-in times etc. and it was quite hard to get an answer. We did not have a problem after we checked-in",6
2538085,2014-03-24T04:00:00Z,"Apartment was as described, clean and quiet, located in a safe family-like neighborhood and ideal for visiting stanbul. Eda is really nice and make you feel like at home.

If you go to Istanbul there is no other places where you want to stay",9
2538085,2014-04-15T04:00:00Z,"I should say with the full resposibilty that it was the best hosts i had ever hosyed.
Eda was so friendly and helpful that that i have no words. She is very intelligent and interesting personalities,  i am very thankful for her. The room was very was so lovely every thing is enought fo me, it was very clean and nice. Eda flat is the place of good energy and love. Location is also great near to all public transportation. I am really lucky, see you Eda welcome to Egypt, many thanks to you and all spesialy Ozge",8
25570581,2018-08-12T04:00:00Z,"There was hospitality and a beautiful view, but the house is somewhat old and could benefit from a more thorough and stylish renovation. Thank you",6
25570581,2018-08-25T04:00:00Z,"“Did you decide whether or not to book it, my love,” he said, “because the host, Seluk, is so kind and with his lovely conversation, it was wonderful.”

Thank you very much, sister, it was great to meet you",1
25570581,2018-10-14T04:00:00Z,Nice people,3
25570581,2018-10-28T04:00:00Z,"The room and bed linens were not clean, it was an old and neglected environment. The room overlooking the view didn’t have a bathroom – the bathroom rooms were windowless and gloomy. I didn’t feel comfortable",2
25570581,2018-10-30T04:00:00Z,"Seluk is genuinely a very anxious person and was incredibly helpful to us. He arrived much later than expected and, anticipating we wouldn't have anything to drink, offered us water. He suggested having breakfast on his terrace and helped us find the places we were going to visit on the island. The location was also very convenient, only 5 minutes to the pier, making arrivals and departures very easy. However, the streets are dark in the evenings, but that’s something easily resolved with a phone flashlight",8
25541515,2019-01-02T05:00:00Z,Very good neighborhood and clean apartment. Good hospitality,8
25484862,2019-02-02T05:00:00Z,"The location is very beautiful, facing one side of the Galata Tower and the sea. Mr. Zgr provided very understanding and quick responses before our stay, sending us a small message about how to get there in case we needed information like “how to get there”. The house was clean; the bathroom is small but not cramped. When a problem occurred, we immediately messaged Mr. Zgr, and he responded instantly and was helpful. We thank him for his attention and care",9
25723457,2018-07-08T04:00:00Z,"Stay at the flat was quite pleasant and communication was pretty good with Aysegul and Ferhat. Flat was clean, apartment is quite stylish.There was a security at the main door (7/24)which makes the place quite safe. Around the flat, there are local shops. You barely see tourists and that is a good place to enjoy real local Istanbul experience",8
25723457,2018-10-02T04:00:00Z,"We thoroughly enjoyed our stay at Ferhat (Ayegls husband) and Ayegls lovely apartment. It was much more spacious than we expected, and Ferhat and Ayegl were kind and lovely hosts. Their flat is in a secure (site) area with 24/7 security who were kind and vigilant. And its really close to a large nearby mall as well. (We had a car, so Im not sure how easily accessible it is without a car, but I assume its not too difficult.) By car its 15 minutes from the Ataturk airport (IST) so it made coming and going from there a cinch! 

Their place is comfortable and spacious and what you see in the pictures are just a small but good glimpse of their place. We highly recommend staying with Ferhat and Ayegl",9
25845370,2018-06-24T04:00:00Z,The host canceled this reservation 13 days before arrival. This is an automated posting,1
25845370,2018-07-05T04:00:00Z,"Ezgis place is 10/10. The flat is really beautiful, it is in a central location- close to everything and in a very safe and nice neighborhood. Ezgi is also a perfect host- she helped us with everything and her hospitality is outstanding! We really recommend this place for everyone to stay in Istanbul. Thank you Ezgi",1
25829784,2018-11-26T05:00:00Z,Awesome location and great hospitality,6
25819967,2018-06-16T04:00:00Z,The host canceled this reservation 15 days before arrival. This is an automated posting,1
25819967,2018-10-05T04:00:00Z,Very cool location and wonderful owner))). I can strongly recommend this place,6
25819967,2019-01-27T05:00:00Z,Size of space for the worth is amazing in a fantastic and lively area of kadiky. Plus Dicle is a Vegan chef,2
25819967,2019-02-11T05:00:00Z,"Dicle was a helpful host and responded very quickly. The house is in a very quiet and peaceful location. It’s clean, tidy, and minimalist. It was a very comfortable stay, and it will definitely be one of my first choices if I visit again",9
25881010,2018-08-20T04:00:00Z,My family stayed at Sin and were really pleased with everything! Sin was helpfull during the stay and quick to answer messages,1
25794804,2019-02-03T05:00:00Z,"We stayed 4 nights and the location of place was perfect. Within 5min you could reach any tourist destination. Rooms were clean, cleaning ladies were really nice, provided breakfasts were full range of choices. Also it was nice, that we could use private shuttle to go back to airport straight from this place",9
25865052,2019-01-08T05:00:00Z,"Super helpful host. He totally went out of his way to help us find a taxi and helped carry our bags to it as well. His response/communication was always clear and quick. His hotel is walking distance to isteklal caddesi, galata tower, and all the shopping Beyolu has to offer. Loved it",9
25956760,2018-08-04T04:00:00Z,The host canceled this reservation 7 days before arrival. This is an automated posting,1
26060837,2018-06-27T04:00:00Z,"Evrim tatl, cana yakn, dnceli bir insan, evsahiplii de iyiydi. ok ksa sre kaldm ve kendisiyle sadece ksa bir sohbet ettiim iin daha fazla ey syleyemiyorum. Ama ok iyi davrandn syleyebilirim. Evi de zevkli dekore edilmi, tarz olan tam bir gen evi. Lokasyon da ok iyi. Genel itibariyle tavsiye edebileceim bir yer. // I would definitely recommend you to stay with Evrim. She is a nice and helpful person. Although I had a really short time at her place, I feel pleased overall. Regarding location, it is perfect. And the apartment is decorated tastefully",7
26885396,2019-01-29T05:00:00Z,"Host - Seranad and co host Banu were very helpful and prompt in their contact via (Hidden by Airbnb) before and during our stay.\nFlat - pictures of the flat are accurate. the flat is stylish and a nice space. unfortunately some occassional noise from neighbours and street noise.\nLocation - the flat is located up 5 flights of narrow stairs, no lift. make sure you press the button in the hallways to turn the light on. the building is also up a hill. the flat is approximately 10 minutes from the bus station, 2 minute walk to coffee shops, takeaways and other amenities. we felt this was a nice area of kadikoy to stay away from the more busy areas, though still very close to local amenities",8
26925918,2018-08-28T04:00:00Z,"The location is very convenient, near from Taksim Square. The building is easy to find. The hospitality of the host is great",8
27452326,2018-08-09T04:00:00Z,"The photos have absolutely nothing to do with the accommodation.

Fuir",2
27003273,2018-12-21T05:00:00Z,"The room is spacious, bright, with a balcony. At night its not noisy from the street ... near to Istiklal Street. The room is cold, the heating is low. The bathroom is not clean",4
26701226,2019-01-06T05:00:00Z,"Nice appartment, well located near public tranportations (vapur and metro/tram).\nEren is very helpful",8
26842020,2018-09-01T04:00:00Z,I love organization. I loved Leo,1
26712529,2018-08-24T04:00:00Z,"Sefas place is comfortable for a small family with a child. A baby crib will be provided when requested. The location is also convenient, just walking distance to Taksim and to the airport bus station (Havabus) and to the metro station. You have to be ready to walk uphill though when leaving the house since it is located in a small neighborhood. There is a small bakery right infront of the house, very convenient to grab fresh bread and a bit of grocery. Sefa responsed to every query we have even just to borrow an adapter from him. I also like the fact that we are provided with a small vacuum cleaner, so its a breeze cleaning up since its a small space. Thank you Sefa, we appreciate your hospitality",9
26712529,2018-08-31T04:00:00Z,wonderful location near taksim square and istiklal street,6
26712529,2018-10-02T04:00:00Z,"Thank you for everything , i recommend him highly",4
26712529,2018-10-12T04:00:00Z,An excellent apartment; I highly recommend it,6
26342532,2018-10-05T04:00:00Z,"Mustafa has been a great host from the get go. Both Mustafa, and his co-host, Alen, were very responsive to our queries starting with our reservation. Mustafas home is at a very central and safe location, just 5 minutes from the metro station, and next to a main street full of cafes and groceries. Also, his home is fully decorated with modern paintings, so if you like art, you wont regret your stay. At last but not least, his apartment is sparkling clean with amenities to fulfill all your needs. Thank you so much for everything",1
26405954,2019-02-15T05:00:00Z,Thank you perfectly for everything and for the excellent facilities,2
27383511,2018-08-13T04:00:00Z,Extraordinarily helpful!! Even on short notice,8
26669415,2018-07-16T04:00:00Z,"Fatima is very friendly, kindness and helped us a lot in the city. The room is very good also. Thank you",8
26669415,2018-08-24T04:00:00Z,"Warning: photos are not real, room  is different. The only thing that is good in this place - it is really close to the main sights, about 10-15 minutes walk. 
But : 
small room has three single beds and a drawer in it, and one of the beds  is broken. 
AC is broken seems ages ago. It is really stiffed air there with a smell of old house  and room does not even have  a fan! Barely you can sleep well there. 
Hostess didnt bother to change linens. So we slept at dirty bed shits and pillows. Also there was definite lack of towels.
Bathroom is absolutely need a massive repair. Such amount of mildew I havent seen long time",2
26789870,2018-07-26T04:00:00Z,"The apartment is spacious and clean. There is everything you need. The location is great, in the center of Beikta ( a very vibrant and hippy neighborhood but the apart is a bit of an uphill) . It is close to public transport (buses and mini buses can easily take you anywhere). Lots of restaurants and supermarkets within a walking distance from the apt. We stayed with Selen",8
27226157,2018-09-07T04:00:00Z,The host canceled this reservation 7 days before arrival. This is an automated posting,1
27226157,2018-10-04T04:00:00Z,"The elevator doesn’t go up to the room’s floors, and for a family with children, it was just barely manageable to climb the narrow stairs",2
27226157,2018-12-23T05:00:00Z,"Beautiful, feels like a home away from home :3 easy to find",6
2682827,2015-12-01T05:00:00Z,"Saim was great host. We got lost on our way to apartment, but Saim was helpful and picked us on place we were at. Apartment is big enough, but bed in kitchen is suitable for only one person because it",6
27156997,2019-02-17T05:00:00Z,The communication and attention were especially good from the beginning. It’s a lovely apartment in a great location and very clean. Thank you very much,8
2724572,2015-09-15T04:00:00Z,A great oasis tucked away. Yet so close to public transport.\nA truly fantastic place to stay with a wonderful array of toys for my son,8
27156355,2018-09-05T04:00:00Z,It’s much nicer than it looks in the photos and very clean. The host is really good and very hospitable,8
27156355,2018-09-08T04:00:00Z,"The location is great and it’s even nicer than it looks in the pictures. The host is very good. If you’re planning a quiet and peaceful holiday, you could definitely choose this place",8
27156355,2018-09-09T04:00:00Z,"This is a truly magnificent house, with incredibly delicate touches – it’s like a sort of art gallery. I didn’t have much time for conversation with Nilfer Hanım, but everything flowed naturally anyway. Her cat, Zeynep, is a real character and perfectly suited to the place. I highly recommend it.

Can zkozac",9
27156355,2018-10-15T04:00:00Z,The host canceled this reservation 13 days before arrival. This is an automated posting,1
27156355,2018-10-21T04:00:00Z,"Location is great with a sea view.if u would like to enjoy the silence and piece, here is the right place",8
27156355,2018-11-12T05:00:00Z,"It was good, I was very grateful. I recommend it to everyone for a relaxing stay",6
27156355,2018-12-30T05:00:00Z,"We left feeling very pleased with Nilfer, the host, and her home. Thank you very much for everything",6
27156355,2019-01-01T05:00:00Z,"Nilfer Hanım, harika bir ev sahibi. Evinde çok mutlu ve çok huzurlu iki gün geçirdik. Kendisi bizi hem candan karşıladı hem de her konuda yardımcı oldu. Evin konumu oldukça ideal, hem çok tepede hem de tam rafta değil. Ada ara kullanılması olmaması ve körfez olmaması sebebiyle tam istediğimiz gibi sakin iki gün geçirdik. Yılbaşı için İstanbul’daki kutlama seçenekleri mevcut olmasına rağmen tercih etmedik. Evde Nilfer Hanım ihtiyacınız olabilecek temel malzemeleri (havlu, ampul, kurutma makinesi, mutfak ara gereci vb.) size veriyor. Diğer ihtiyaçlar için raftaki marketlere ulaşmak çok kolay. Evin balkonu çok keyifli, manzarası insanın içini alıyor. Elektrik sobas olmamasına karşın, elektrik sobasyla çok rahat şömineyor. Wi-Fi de çok iyi çalışıyor. Evde Zeynep ve Tarık adında iki kedi var, ikisi de çok uysal ve sevimli çocuklar. İstanbul’a bu kadar yakın olup, kalabalıktan ve gürültüden bu kadar uzak olmasından dolayı, Nilfer

Herey Iin wrote to me, wanting to see you again, dear NIlfer Hanım",9
27156355,2019-01-23T05:00:00Z,"Its a really magic place, winter time possible filing like you are the owner of island, because its looking like nobody then you. The sunrises from the balcony with panoramic sea view, silence and cosmic peace and love and care the owner of house and them gentle cats and cosiness artistic homs comfort make you clean and happy. Hope to come back one day",6
28106504,2018-11-23T05:00:00Z,"Thank you for the amazing hospitality Ali and Sedat! I enjoyed the time and definitely will choose this apartment next time with the nice view to the Marmaray Sea, clean and comfortable, strategic location, very close to Kazleme metro station, and not far from the airport",8
28153529,2019-02-16T05:00:00Z,"We stayed almost a week at Buras place and it was perfect! You can walk everywhere from this location, nice little bakery and supermarket just next door. The apartment is great, it is more than enough space for 3 people! Bura responded always super quickly and was super flexible with check in and check out! Thanks a lot",9
28603723,2018-12-02T05:00:00Z,"Her was excellent, Bekita is the best place you can stay at this price",2
28603723,2018-12-29T05:00:00Z,The host is really helpful and accommodating :) so great to stay at this place... the accommodation is clean and value for money,8
28997335,2018-12-18T05:00:00Z,"the place was amazing as it was near to the center, the host is perfect and ready to help anytime of the day for any issue starting from wifi to caching taxi outside, when needed even helping by its own car. Just love the place and appreciate the host. Highly Recommended",9
28307606,2018-10-11T04:00:00Z,"A nice, kind, cultured host. The home is quite clear and comfortable. Thanks for everything",8
28307606,2018-11-15T05:00:00Z,"Very good hospitality and a safe location. It’s close to the bus station, public transport, shops, banks, and restaurants – just a 5-minute walk. The room was big enough and clean, the bed was comfortable, and the Wi-Fi worked without problems. Sebnem is a kind, friendly, and helpful girl. She was very helpful with travel suggestions and places I wanted to visit. I highly recommend it",8
28307606,2019-01-29T05:00:00Z,"The host, Gleryzl, is a polite and considerate woman. I felt just like I was at home. In fact, I felt better than at my own home. Thank you, Ebnem. Besides that, the property’s location is very good. The apartment is clean and well-maintained. The room is large and has everything you could possibly need",8
28307606,2019-01-31T05:00:00Z,"ebnem sper bir evsahibi. evi ok temiz ve konforlu. evin konumu da gayet merkezi. sahile, caddeye yuruyerek ulasabilirsiniz. sebnem is a super host. her house is clean and comfortable. also, the house is near seaside and the main street. you can get there by walking",6
290608,2015-10-26T04:00:00Z,"The neighborhood is excellent! It’s very cute and charming. It’s really strategically located. I booked it thanks to the comments from other users, just like me, who had a very good stay",8
29274583,2018-10-29T04:00:00Z,"This is a wonderfully clean house that perfectly meets your accommodation needs. Gleryzl is a hospitable and welcoming host.

It was in a rather run-down area. Those who aren’t familiar with the area won’t find it particularly difficult. We were satisfied and recommend it. You can comfortably choose it",8
27675306,2018-08-21T04:00:00Z,"Loved it here. Charming and spotless little studio-flat in a scilent corner of Beikta.  Excellent wifi, clean and practical kitchen. Dilara was superfriendly, quick to respond and helpful with information about the city.  I will look for this flat next time im in Istanbul",9
27675306,2018-09-10T04:00:00Z,"The host was incredibly responsive and very friendly and kind. The house is beautiful and comfortable; you have pretty much everything you need. We felt like we were at home. The location is very central, making it really easy to reach everything. We would definitely want to stay there again on our next trip to Istanbul. We recommend it",9
27675306,2018-09-21T04:00:00Z,"Dilara was very kind and welcoming. The house is quite central, clean, and adequate. I would definitely choose it again if I were to visit it one more time",8
27675306,2018-09-25T04:00:00Z,"Great location,  clean and beautiful place, lovely person",8
27675306,2018-10-23T04:00:00Z,The host canceled this reservation 13 days before arrival. This is an automated posting,1
27675306,2018-11-26T05:00:00Z,"Considering its location and price, this is a rare apartment – the host was particularly helpful, especially regarding the schedules. I’ll definitely be returning to stay in Istanbul as long as he’s available",8
27675306,2018-12-20T05:00:00Z,"It was a clean, comfortable, and lovely house, and it had everything we needed. The house is located in the heart of Nanjing, but on a quiet street with no traffic (ideal for those sensitive to noise). We were very pleased with it and would definitely recommend it",9
27675306,2019-01-02T05:00:00Z,"The places location cant be beat. Its in the most amazing neighborhood, close to other interesting parts of the city and in walking distance to some of Istanbuls best cafes, breakfast places and restaurants. We were truly happy and grateful to be in Dilaras apartment because the location made our stay so much nicer. The beds were very comfortable after our long days spent walking around. Bedsheets and towels were clean which made it easy to feel at home. Lots of storage space in case you stay longer. Very good and reliable high speed internet, equipped kitchen for your basic needs, cozy living room! Everything was amazing. Dilara gave us amazing recommendations whenever we needed help or had questions about things in the area. She was always in reach and responded quickly every time we needed to ask a question. Truly one of the best hosts out there! Thank you Dilara :)

My only criticism is that in the bathroom, either the sink or the shower drain was giving off an odor that made it a bit smelly. Im sure it can be easily fixed though",8
27942191,2018-09-29T04:00:00Z,At redas place you will notice how friendly he is and help you as best as he can,6
29354797,2019-02-18T05:00:00Z,"Great location (near the center of Besiktas but still quiet), the flat was clean, cozy, and had everything we needed. I would be happy to stay there again",8
27569464,2018-09-14T04:00:00Z,"For someone like me, this is in the Tuzla Organized Industrial Zone",1
28252566,2019-01-20T05:00:00Z,Great location and was greeted by Bora to check in. Issue with kitchen light was dealt with. Apartment had everything needed for my 2 week stay. Only downside for me was the lift not working (Im so unfit) would recommend and stay there again,8
28475232,2018-10-09T04:00:00Z,"Really enjoyed our stay here. It is an entire studio, not a room in an apartment as said on the listing. 
The neighbourhood is really interesting and close to cool taksim bars and restaurants. 
Communication and check in was a breeze the hosts are helpful! 

Very secure as well highly recommend",8
29673222,2019-02-04T05:00:00Z,"We had an amazing stay at ahins place, the offered  hospitality is out of this world.  His mom is a real sweetheart - happy I could improve my Turkish with her! The location is the bomb - just around the corner from the Kadiky bull (Kadiky is the best neighborhood in Istanbul in my opinion)... bathroom not super clean (only dust but hey, fair to mention it) but definitely good value for money - totally recommend this place and ahin as a host! Thanks a lot",6
2787408,2018-09-06T04:00:00Z,The host canceled this reservation 2 days before arrival. This is an automated posting,1
28629954,2018-10-10T04:00:00Z,This was a terrible experience; the host had bizarre behavior,1
28881505,2018-12-29T05:00:00Z,I feel so grateful for having stay at Gulben,2
29249672,2018-10-30T04:00:00Z,"Busra was a very lovely and helpful host. She gave us a lot of great places to visit and was always quick to respond to our messages. The apartment was really cool, clean and cosy for 2 people however the bed was quite small for 2 people - but Busra kindly let us have her bed without any issues and paid for us to get a Turkish sim for wifi as it was not working. She resolved any issues we had and we really enjoyed our stay. Location was very convenient too. Thanks again",9
29249672,2018-11-06T05:00:00Z,Amazing person and place,6
29249672,2019-01-04T05:00:00Z,"This lovely, simple but not boring apartment is well-maintained and clean. The location is perfect and very quiet. It’s truly the best place to experience Istanbul in an authentic way. The host is also a beautiful person, very helpful and always available… definitely someone who can further enhance a visit to their city :) Highly recommended",9
29249672,2019-01-25T05:00:00Z,Perfect location in Istanbul,6
28066479,2019-01-05T05:00:00Z,"The place was super clean with great location, ceren was fast responding and made every thing clear ,  dont hesitate to book ceren place \nHighly recommended",9
29144682,2018-12-14T05:00:00Z,"When I came to Merts home, he welcomed me really well and when I enter the house Its amazed me and its even better than the pictures.House has the best location of Istanbul for sure!! I had private room and bathroom .House was super clean and its cleaning in a routine. I felt like my real home I stayed fiftheen days.\nMert was super friendly I felt like I know him from a long time ago. He was always helpful honest and respectful. He even introduced me with his kind friends.I can ask everything to Mert easily.\nI feeling so lucky to know Mert and If I came to Istanbul again I really want to stay and see the Mert again \nThank you for everything my friend\nKeep in touch",1
27794194,2018-10-27T04:00:00Z,"Idil has been a great host: very friendly, she showed me around the city and we all went out together. The view from the flat amazing, and I used flat to work and have online calls. Recommend",8
27794194,2018-12-24T05:00:00Z,"Thank you so much, I felt very comfortable. I would definitely book again. Simply excellent! Highly recommended. Thank you, Idil",8
28911645,2019-01-20T05:00:00Z,"very hospitable host, friendly and helpful. 
clean and tidy place",8
29332500,2018-11-06T05:00:00Z,The host canceled this reservation 49 days before arrival. This is an automated posting,1
29358615,2018-11-18T05:00:00Z,"It was a lovely canal house, very well-maintained and cared for by a positive and welcoming host. The property was clean and in a good location. It was even better than I expected, and I would definitely recommend it; I would also happily book it again. Thank you endlessly",8
29432887,2018-11-03T04:00:00Z,"Devrim was a very friendly and welcoming host. The room was smaller than we expected, but it was clean and tidy outside, and the location was perfect",6
29562736,2019-02-03T05:00:00Z,"Great location, a comfortable and beautiful house",7
28378655,2018-12-29T05:00:00Z,"The three-bedroom apartment is in a very central location, and a bus stop is right outside the house. The apartment was very clean, and we didn't lack anything. It had Wi-Fi with Netflix, a washing machine, a hairdryer, an ironing board, and much more. Kadir checked in on us every day and was very helpful if we needed anything. Overall, everything was perfect",1
293754,2018-11-25T05:00:00Z,A nice place to stay with complete facilities. Easy access through metro,6
27586912,2018-09-27T04:00:00Z,"The accommodation completely met my expectations. It was spotless and very cozy. The area around Balat is equally beautiful, with a huge number of small cafes and restaurants. As a woman, I felt very safe and comfortable. I thank the hosts and recommend this accommodation to everyone",8
27586912,2018-12-22T05:00:00Z,great location. Balat is an amazing area. great hospitality. we will be back,8
28848228,2018-10-10T04:00:00Z,"I am highly recommending to everyone, so much better than I expected.spacious room with beautiful lake and sea view",8
27624168,2018-08-13T04:00:00Z,The host canceled this reservation 2 days before arrival. This is an automated posting,1
28055051,2018-09-04T04:00:00Z,"Everything was great! Ugur, thank you for your hospitality and quick response on our last minute request. Location is great, place is clear and nice, we liked to stay there",8
28055051,2018-09-05T04:00:00Z,Nice place,4
28055051,2018-09-22T04:00:00Z,"Uur is a very nice host, The house is clean and has a very good emplacement. I recommend",8
28055051,2018-09-23T04:00:00Z,"Everything was! Nice location, fast check-in, fast answer via messenger",8
28055051,2018-10-19T04:00:00Z,"perfect location, very friendly people, good space",6
28055051,2018-11-12T05:00:00Z,Great location in the center of Fatih! Tram station near the house. 800meters from the metro station Aksaray (to the Ataturk Airport). Uur is sociable and responsible person. Recommend,8
28055051,2018-12-09T05:00:00Z,The location is very good. Uur was polite and delicate to never disturb us that made us feel comfortable at the room. There were no enough linens and the couches are actually small so two people wont feel comfortable on one. Nevertheless we had an opportunity to enjoy our evening with a cup of tea and the Netflix which was pleasant enough,6
28214469,2018-09-16T04:00:00Z,All the help that the host can possible fetch for you,2
29110619,2018-11-02T04:00:00Z,Cozy and clean rooms. I loved and you can trust to Enes definitely! Everything was good for me,8
27523761,2019-02-09T05:00:00Z,Had a great stay at Sheyls. His flat is nice and clean with lots of natural light and space. He was very accommodating and great at communication. Would recommend to others. Thanks Sheyl,8
27791633,2018-09-08T04:00:00Z,The habitat was great. We were met by Yonca,5
27873052,2018-10-05T04:00:00Z,was nice to me,2
27873052,2018-10-20T04:00:00Z,"You can count on a helpful and accommodating host; you can stay here feeling like you're in your own home, with no problems at all",8
27873052,2019-01-11T05:00:00Z,It was shortly stay about an houres but good,4
27873052,2019-01-26T05:00:00Z,"Daniz was a great host. She was very thoughtful and she is a wonderful lady.
I would defiantly stay at her place and for sure I recommend it to everyone one. Great value .
I thank her for letting me staying at her place",8
28432923,2019-02-03T05:00:00Z,The location is really nice,6
29078967,2018-10-23T04:00:00Z,"Eh walla! I dont know where to start from.. This stay was so special at so many levels. 

I ended up at Musas place because my previous host cancelled the booking while I was boarding my flight to Istanbul,  which happened to be the best part of this trip. 

Musa responded very quickly, and he even gave a discount. Throughout my stay Musa and Halim were very attentive and thoughtful. Not to forget their beautiful cat, Chizik! 

Though They are students but still their place is very clean and stylish. Very close to everything you need. Like literally everything. 

Transportation: Taksim Square/ Metro is 4-5 minutes walk away. The Tram (FINDIKLI Mimar Sinan University) is like 5 minutes by walk too.. Taxis are also available throughout the day and night near the main road.

A grocery store and fruit shop is right outside the home. And some food/Restaurant are available 24hours. They can actually get things delivered at anytime in the night too.. even their kitchen has all amenities for using.. 

To whom ever it may concern, If you are planning to go to Istanbul and If you are reading this, dont think twice. Contact Musa now. You will enjoy your stay. 

PS: They are learning English but communicating with them was so easy. They really make effort to make your stay comfortable. Just ask them if you need anything, theyll get it done.. And their kind intention is to make friends and learn about different cultures while they whole heartedly welcome you as their guests.. Enjoy!

Guys! ok ok teekkur ederim ! Take care and see you soon.. 

Cheers!
Areeb",9
29078967,2018-10-24T04:00:00Z,"The price is the best, the appartment very comfortable, you have everything you need and more. The hospitality of the Host (Musa) is outstanding, he basically made me feel at home and was the best turkish person I met in Turkey so far. Totally recommended! Nothing to complain about l! Thank you",8
29078967,2018-11-03T04:00:00Z,"Such a kind, friendly and accommodating host. Perfect location just a few minutes walk to Taksim, and warm friendly atmosphere. This is more than just a place to stay, its a home to come back to with friends who are willing and active to engage",8
29078967,2018-12-03T05:00:00Z,Musa is a great host. I spend a very nice holiday in Istanbul. a great Location,6
29078967,2019-01-03T05:00:00Z,"Musa is incredibly friendly, kind, and helpful. I felt like I’d known him for ages and really felt like I was at home",8
29078967,2019-01-07T05:00:00Z,The place was really good and in a central location. Musa was  really cool and very helpful. Would recommend 10/10,8
29078967,2019-01-15T05:00:00Z,"Musa and his mate gave me very warm welcoming. The bathroom is clean, the room was clean. What should be changed is to include less people in the apartment and a roof light bulb. Thank you again",7
29508303,2018-11-19T05:00:00Z,Olgu is an amazing host. She has an intimate knowledge of Istanbul and she is really fun and sweet. I would highly recommend anyone coming to Istanbul to stay with her,8
29508303,2019-01-01T05:00:00Z,"The location was fantastic. The host was a very kind woman, and she was always willing to help with any questions you had. It was definitely worth it; it was a really great experience for me",8
29877023,2019-01-08T05:00:00Z,"I stayed here for more than 3 weeks, I could not be happier. The place is very central (walkable distance to Besiktas, neighbourhood is full of nice cafes and shopping places), really safe and quiet, metro station is just 5 minutes away.  The flat has all the necessities and more. Marala is an amazing host. Thank You so much",8
29877023,2019-01-13T05:00:00Z,"Maral was very welcoming and understanding :) I stayed for 2 nights. It was great that the check-in times were flexible and that the property was in a very central location in Istanbul. Thank you, Maral, for the breakfast and the nice conversation",8
28159180,2018-12-30T05:00:00Z,"The flat is nice and well located just off Istikal street, and Ronahi and her (Hidden by Airbnb) are nice people, however it gets very noisy at night (I was there on a weekend) since the room gives onto a little busy street just off Istikal so it is was almost impossible to sleep",6
28506996,2018-10-26T04:00:00Z,Had an amazing time staying here... The staff is so nice and cooperative... You just name it and they will arrange it for you... I was so hungry and I couldn,2
28690892,2019-02-01T05:00:00Z,"Great place, friendly host and easy access to most everywhere in Kadikoy, Thanks Oksan",8
29456207,2019-01-01T05:00:00Z,"A pleasant, short stay in Istanbul thanks to Tulay’s accommodation, which was exactly as described and suitable for a family with young children. She was readily available to answer questions and meet needs, with a welcoming hotel-style reception available on-site",8
29863999,2018-12-02T05:00:00Z,The host canceled this reservation 26 days before arrival. This is an automated posting,1
28061127,2018-09-12T04:00:00Z,The host canceled this reservation the day before arrival. This is an automated posting,1
28250649,2018-10-10T04:00:00Z,"Hazal greeted us in a rather brusque manner. The house is small, but it doesn’t feel cramped. The décor is very nice. However, we struggled to wake up in the mornings because there’s no basement, as it doesn’t provide much light. Most importantly, we were out of hot water when we woke up, and had to wash ourselves in cold water",4
28250649,2018-10-14T04:00:00Z,"The apartment had a dark and cold atmosphere on the ground floor (-1). Overall, it was a clean apartment, but the floors were dirty and there was a damp smell. The host didn’t contact us until the time we were scheduled to receive the keys, and the phone was constantly on voicemail. He told us to leave the keys at the locksmith’s. One night, the radiators were broken and it was very cold. It wasn’t a good stay, and I wouldn’t recommend it for us",3
28250649,2018-10-28T04:00:00Z,"I wanted to avoid dampness, but it wasn’t very dry. It was cleaner than I expected, and because of the windows, it wasn’t too noisy in the mornings. It’s ideal for a single person or for intimate dinners",6
28250649,2019-01-27T05:00:00Z,"Great location, a lovely house, and a welcoming host",6
28250649,2019-02-08T05:00:00Z,"We experienced no problems due to the slight humidity. It was a very charming experience, thanks to the property’s location and décor. I definitely recommend it",8
28250649,2019-02-12T05:00:00Z,"This is truly a wonderful, cozy home and a fantastic feeling afterward. You can really feel the minimalism was genuinely executed :) Thank you, Hazal Hanım, for being such a wonderful and gracious host, truly appreciated :) I absolutely want to visit again",8
2856208,2019-02-16T05:00:00Z,Well located and easy to communicate even if we never met the owner,6
27781404,2019-02-13T05:00:00Z,"We had a very good time at Marcos home. Super tidy and clean,very nice decorated and we had everything we needed and even more. We feel ourselves open and clear like our home. Marco and his parents are very lovely people and we enjoyed the good vibes in their home. We definitely recommend everyone to stay here! The europa side is very nice,you get a good idea about the real life in Istanbul and it",8
30673003,2019-02-15T05:00:00Z,The host canceled this reservation 36 days before arrival. This is an automated posting,1
30261600,2018-12-27T05:00:00Z,The host canceled this reservation 2 days before arrival. This is an automated posting,1
30261334,2019-01-05T05:00:00Z,I had a lovely stay at Jessica,3
30194213,2018-12-29T05:00:00Z,"I was not satisfied.

The host was not welcoming",2
30194213,2019-01-10T05:00:00Z,"Great place to stay at, easy check in check out as well as the building was gated with security and codes to enter the building Ilyas was quick to respond and easy to deal with definitely would recommend this place",8
30194213,2019-02-12T05:00:00Z,"The place was very clean and well-suited for use. Exactly as pictured, everything matched. It’s a better place for people who have their own car. Because the roads are newly built, it’s not very convenient for walking",6
30671405,2019-01-06T05:00:00Z,"Nice and cheap apartment, good neighbours and close to the nearest subway station",6
30087365,2019-02-07T05:00:00Z,The landlord is very hospitable. The room is very beautiful. You can see the sea. I like it very much,6
30361820,2018-12-19T05:00:00Z,This apartment is very well-located and very clean. The host’s welcome was of very good quality,8
30361820,2019-01-29T05:00:00Z,"Very kind, if you are looking at other places, stop! Stay with Omar",1
30361820,2019-02-03T05:00:00Z,To be very communicative with the owners in any problem you face,2
30222713,2018-12-02T05:00:00Z,It’s in a bad location,2
30242109,2018-11-27T05:00:00Z,"i rented it for my Spanish Teacher, she said the host was incredibly kind and hospitable. the place is convenient for traveling in the city
.
the neighborbood is lively and the place decorated with creatvity (they are artists)
recommended",8
30242109,2018-12-17T05:00:00Z,"If you want a wonderful airbnb, with hosts who really get the airbnb spirit - stay with Luna and Kubra. I had a really comfortable stay. Luna told me which cafes to go to and Kubra told me which places I might like to visit. The apartment is in the perfect location, a few minutes walk to the ferry, or, if you prefer to stay in the area, close to cafes and galleries. I also really enjoyed my conversations with Luna and Kubra and getting to know them. Wonderful hosts",9
30242109,2019-01-16T05:00:00Z,"Luna and Kubra are amazing hosts, ready to help you with everything and anything. They reply really fast, the communication is amazing. Apartment gives home-like feeling which allows good rest and peaceful sleep. Definitely recommend the hosts and apartment for everyone who values family atmosphere",9
30242109,2019-01-31T05:00:00Z,Expect excellent hospitality and comfort,6
30242109,2019-02-16T05:00:00Z,Really nice and well located place! The host was helpful to create a awesome time in Istanbul! I enjoyed my time.. very much,8
30973353,2019-01-23T05:00:00Z,"I picked this place and it was absolutely awful. The location wasn’t great – very far from anything interesting – and the cleanliness was shockingly bad. There were stains on the carpet and the bathroom hadn’t been properly cleaned. Furthermore, there was absolutely no privacy; the walls were paper-thin, and we could hear everything from the neighboring apartments. The host was unresponsive and difficult to reach, and the property itself felt unsafe",2
30921897,2019-01-05T05:00:00Z,The host canceled this reservation 42 days before arrival. This is an automated posting,1
30921897,2019-01-11T05:00:00Z,"Esras place can be a good choice for those who is looking for a lovely studio in the European side of Istanbul close to public transportation. You can access Tunel funicular, nostalgic tramway(Istiklal Avenue) and even metro line(M2",7
30921897,2019-01-20T05:00:00Z,"Great location: Close to Galata tower, stiklal avenue, the ihane metro stop.

Nice enough flat for the price, and the pictures are quite accurate. However, also as seen in the pictures, theres no laptop friendly work space  even if its listed in the Amenities section.

We arrived to a cold flat after having some trouble finding it (the building doesnt have a street number), and heating it up took all evening  partially because theres a big gap under the flats entrance door, and the stairwell is open to the outside at all times. Which leads us to the next issue  stray cat feces and stains on the steps. It was cleaned now and then, but not nearly often enough.

The building is old and full of old house noises, from neighbors and the environment. While some of this can be charming, I would have expected other things to be in order, easy things like tightening a door bolt so that it doesnt rattle whenever someone downstairs breathes.

All in all were happy enough considering how cheap the place is and its great location, but there are things we want people to know about before deciding whether to rent",6
30921897,2019-01-24T05:00:00Z,This is a very beautiful and cozy apartment in the heart of Istanbul. Ezra is a great host,8
309063,2012-10-17T04:00:00Z,The reservation was canceled 65 days before arrival. This is an automated posting,1
30876582,2019-01-24T05:00:00Z,"Okay, it was clean and wonderful",6
31507104,2019-02-02T05:00:00Z,"Mehmet Bey is a host who instantly resolves any issues, is kind and hospitable. The house itself is as comfortable as a hotel. Furthermore, it’s a recommended property due to its location",8
31507104,2019-02-06T05:00:00Z,"Very good location to discover the old Istanbul ! Nice host, you can easily talk with him by (Hidden by Airbnb) for example",8
32008854,2019-02-02T05:00:00Z,"Great Experince.
The flat is located just 2-5 munites away from Taksim Square.
We spent great time in the terrace and very nice decorated living room. We have also all amenities in the flat. Very close to the flat there are markets and fruit seller. The host is very helpful. They gave us many tips and they are very prompt to answer if we have any questions.
Thanks for all this.
For sure we will come back",8
32008854,2019-02-07T05:00:00Z,"Perfect location and friendly host , highly recommend",7
31125186,2019-01-30T05:00:00Z,"It was full of strange people and related individuals. We had no problems entering the house or with the key. Everything that was stated about the house in the description was accurate. The only problem was that the house was dirty. The sheets under the bed hadn’t been changed. We had to clean it ourselves, and therefore we weren’t satisfied with the cleanliness",3
3102202,2018-09-11T04:00:00Z,The host canceled this reservation 3 days before arrival. This is an automated posting,1
31036628,2019-01-16T05:00:00Z,"The house was very clean.

The showers were incredibly slow to heat up.

The host is welcoming and hospitable.

Thank you for your hospitality",8
31644399,2019-02-17T05:00:00Z,"I loved everything, it was very cozy",6
31208538,2019-01-01T05:00:00Z,Amazingly perfect and such a hospital and friendly. I would recommend this,6
31819664,2019-02-03T05:00:00Z,"This was a great house, completely new. The kitchen and bathroom were sparkling clean – the plates in the kitchen and the towels in the bathroom had clearly not been used before. The bed linens and pillowcases were neatly arranged, with the towels placed in their designated spots. Everything in the wardrobe, including the lavender scent sachet in the bread drawer, had been considered down to the finest detail. The host, a lovely man, had freshened the house’s scent with fresh hyacinth plants in the kitchen and lounge. I really loved the original paintings on the walls. And the separate coffee machines – one for Turkish coffee and one for filter coffee. The dining table and sofa were heavily used. Everything was immaculate",1
31053412,2019-01-20T05:00:00Z,"The place is exactly as pictured – very clean and spacious. The area was quiet and the guests were friendly, but there wasn’t a sink available; you only had a shower, and there wasn’t a soap dispenser",6
31167868,2019-01-14T05:00:00Z,"I spent 4 days at Baris  and mers place we had a very comfortable stay. They are  kind, helpful  and thoughtful.

  1) The room was sparkling  clean 

2 ) Baris and Omer  were very polite and very responsive to every question I had regarding my stay. 

3) They always tried  their  best to make my stay comfortable and kept asking if all  was ok everyday  which I found very thoughtful. 

4) I would highly recommend staying  here and would surely do when I am back in Istanbul. The location and prices is hard to beat. 

Thank you",1
32174629,2019-02-13T05:00:00Z,It was great stay at Karems place,5
32174629,2019-02-14T05:00:00Z,It was a satisfying experience for me. Everything was perfectly suited. I get much more than i expected. Apartment was a clean and easy to access. It is just 3 min from taksim square and metro station. There are staff which is available for 24 hr and they are really helpfull. It will be the apartment for my next stay for sure,8
3237666,2019-02-03T05:00:00Z,"Great Host, caring and welcoming. very good location",8
34177,2016-07-14T04:00:00Z,"Ercan is a great person who helped and guided us very well. The house met our expectations perfectly. The neighborhood (Arnavutkoy) is an amazing place. Almost fall into love with the region....\r\n\r\nThe house is on the hill so if you like to walk and hike it is perfect for you. The place is not for from the shore where the center of the town is, so not much walk but the sharp uphills might be challenging to some. However if you hire a cap no problem at all, they all come up and drop you off in front of the house. The taxi prices are not expensive. We, personally, took the cap only once during our one week stay, other times enjoyed walking among old Turkish stile houses and absorbing the superb view glaring under a beautiful sun",8
3335550,2014-10-21T04:00:00Z,"Great host, great service, particularly accommodating on internet considering I had to work from the apartment",8
3410502,2015-12-21T05:00:00Z,What a perfect location. Central to the attraction in Sultanahmet and so easy to locate. We had a great time. All facilities were clean and the breakfast was great to get your tourist day started. And the view from the dining room is a great start to each day. Can recommend the Star Holiday Hotel any day,8
3355353,2019-01-26T05:00:00Z,I appreciated the cleanliness and the location,6
3383677,2016-01-03T05:00:00Z,"David was a great host, we felt at home right away. He was there upon our arrival to welcome us, in a nearby caf. He explained how everything worked, provided us with maps and all sorts of recommendations. Unlike other apartment rental agencies who hand you the keys and send you on your way, David made us feel like his guests. As for the appartement, it is cozy and spacious as the pictures suggest. \r\nEven when we didn",9
3503965,2018-10-20T04:00:00Z,this was the best home i,1
3494585,2019-02-12T05:00:00Z,"The house is perfect for couples, especially in winter time since it has fireplace and Jacuzi. It is warm and cosy and perfect for getaways. The house is on a hill so be ready to walk a 20 min hike to get there. The island does not have taxis nor cars, it functions on horses and electrical bikes and regular bikes. You can ask locals to drop you off if yoy have luggage and they are helpful. \n\nAral is a great host, the house was ready and clean, he was there to help with any questions. \n\nThe garden I think would be better taken care of in the summer since I visited in Winter time. The island is nice and detached. Everything closes at 8:30 pm (cafes, resto, shops) not a very touristic place to be for a week or so, but defenitely a great spot to clear your mind and have some quality quiet time. \n\nLoved it",8
3517150,2019-02-16T05:00:00Z,"This apartment is the perfect base for exploring Istanbul! It was clean and comfortable, and the view was absolutely amazing - waking up in the morning to the sunrise over the Bosphorus is a great way to start the day! The bed was comfortable, and no loud noise at night. Ali was an excellent host, check in was quick and simple, and he was very responsive to all our communications. \nRegarding directions If you are taking the metro from the airport - make sure you look for the Istikal Cadessi exit as soon as you get off the train (don",1
3632907,2019-02-06T05:00:00Z,You won’t find such exceptional hospitality and kindness anywhere else. The location is right on the side of İstiklal Avenue – perfect,8
3640004,2018-11-05T05:00:00Z,"Despite the exceptional location, there were several problems. There was an issue with the dangerous access, walls in the living room that needed to be repainted, and the towels didn’t match the number of people staying there",4
3602073,2018-04-23T04:00:00Z,Nice place,4
3517568,2019-02-15T05:00:00Z,"Great and stylish place. Ideal location in Galata. Ali was very quick in responding and helpful. My only suggestion would be to have better insulation in the windows for noise. Otherwise, all great",8
4057320,2018-09-13T04:00:00Z,It was a great experience and a good location. The supermarket and Taksim shops are within walking distance. The apartment was exactly as described. I would recommend it,8
4241384,2016-10-31T04:00:00Z,The host canceled this reservation 61 days before arrival. This is an automated posting,1
4272447,2015-09-28T04:00:00Z,"Ozgur was a very charming and friendly host. She baked us some food, greeted us at the door to help with bags, and was on hand when a few things went wrong.\r\nThe area was perfect, and there are decent bars all within 10-20mins walk away.\r\nSadly there was no wifi for the long weekend that we were there, and also the water cut out for half a day which wasn",6
4144356,2019-01-02T05:00:00Z,"Best host ever: very thoughtful, helpful and  with perfect communication! Apartment itself is very stylish, in the very centre, 2 minutes from Taksim metro. \n1000% recommend",1
4181852,2016-03-30T04:00:00Z,This apartment was very nice. It was clean and well-furnished. Esme and her friend are lovely and available people to provide information. We discovered this neighborhood…,8
4652482,2018-09-04T04:00:00Z,The host canceled this reservation 4 days before arrival. This is an automated posting,1
5020358,2018-10-05T04:00:00Z,"The staff are nice and friendly.  the location of the place is nearby taksim square.However, at night lots of noise there. drunk women around shouting and people just talk so loud i think in that street. The rooms need a bit of maintenance also. You can find cheaper places with that same standard. So i was expecting something slightly better",4
516720,2016-03-10T05:00:00Z,The host canceled this reservation 26 days before arrival. This is an automated posting,1
4740503,2018-06-13T04:00:00Z,"This was a friendly but limited experience; the host only speaks Turkish. It’s good for two people. It’s located next to the Blue Mosque. However, there is no public transport available",6
507117,2017-05-18T04:00:00Z,The host canceled this reservation 3 days before arrival. This is an automated posting,1
555588,2019-02-10T05:00:00Z,"Overall experience is great, though there are few things that need to be addressed: a weak Wi-Fi signal / unreliable connection and a shower that needs repair",6
4450120,2018-07-12T04:00:00Z,Colourful and a cute space for stay. Luna was definitely a treasure\n,6
5883037,2018-10-29T04:00:00Z,I really enjoyed to stay with Mert. I hope to stay again with him when i go back to Istanbul,6
4870358,2019-02-01T05:00:00Z,"Absolutely satisfying in terms of location and views, and it’s one of the best places you can rent for the price. You can directly contact the host if you have any issues",8
4826466,2018-08-06T04:00:00Z,nothing chic ... it,2
5361777,2018-12-16T05:00:00Z,"Sevilay has given me an experience of Istanbul that I will never forget. The cleanliness of the rooms and common areas, the strategic location of her building, easy for transportation, shopping and restaurant are excellent. For sure, I would recomend this place to anyone who want to have an outstanding stay in Istanbul",9
4846619,2016-05-11T04:00:00Z,I love the place it was amazing week thank you,4
575662,2016-10-26T04:00:00Z,The host canceled this reservation 42 days before arrival. This is an automated posting,1
5170796,2019-01-05T05:00:00Z,"We had a fantastic week in this cute studio. Perfect location and warm welcome by the hostess. Got help with booking a transfer and everything was easy and smooth. The area is perfect, lots of restaurants easy with communication buses walking distance. Quiet and nice at night. We will definitely be back",9
469638,2018-10-12T04:00:00Z,Thanks for warm welcome. The appartment is in good location and has all the amenities to feel comfortable,8
4940063,2019-01-04T05:00:00Z,"This is not an independent apartment, but an apartment in a hotel. Good location, but too expensive for an one bedroom and one bathroom hotel room (two places on the sofa are counted in the number of beds).  The welcome is good, but the description is not accurate",4
5186683,2015-04-22T04:00:00Z,"The room is very nice and looks like on the picture. Near metro station ihane and galata kulesi. In room there are all what you need-fridge,air condition,tv,big double bed.Bathroom is big and comfortable. Ozgur is kind and pleasant owner. I recommend this room",8
5186683,2016-07-06T04:00:00Z,"There is very central, comfortable and silence place, near to tube station. There is also so close to istiklal street, and Galata tower. 

zgr and Sabrina are very kindly and helpfull friends. 

There was clean, safety and very usefull room. Kitchen, laundry machine, tv, wi-fi and every other option was great. 

ts best choise to stay in istanbul, beyoglu area",8
536526,2018-12-31T05:00:00Z,We had a fantastic stay at Pinar,6
5357380,2019-01-01T05:00:00Z,"The apartment was really nice. Was easy to find it. Ebru provide very quick answers to all your questions. At home you can find everything you need. WiFi with really good speed. Home very clean and warm! No noise from neighbors. Excellent location. Very close to Baghdad street. Easy to get to center. If you come with car, many places to park car next to home. I would highly recommend this apartment and Ebru . Next time with pleasure will stay again. \nTanismak icin cok memnun oldum. Hersey cok guzeldi. Tekrar tesekkur ederim",9
5451782,2016-11-17T05:00:00Z,The host canceled this reservation 39 days before arrival. This is an automated posting,1
5551051,2019-02-05T05:00:00Z,Kazim is much better than expected,5
5716802,2015-10-24T04:00:00Z,"Can was very helpful and laid back. Our cab driver had problems locating the venue, Can helped to direct him and waited out (in the rain) for our cab. \r\n\r\nMy friend and I",8
5555181,2016-11-27T05:00:00Z,Very nice,5
6068649,2019-01-04T05:00:00Z,Absolutely fantastic place. One of the best Air BnBs I have ever stayed in. Quiet at night. Great location. Beautiful inside,9
6105504,2019-02-08T05:00:00Z,Great host that was always available when needed with really good communication. Great apartment for what we needed,8
6081771,2018-02-01T05:00:00Z,"Excellent location just a few minutes from the Tranva station, the Blue Mosque and Santa Sofia – almost the entire city center is walkable. The hotel offers good service and friendly staff",8
6485067,2018-11-18T05:00:00Z,Excellent location but could be cleaner. We needed to ask them to put on the heating as it was very cold at night and the plug sockets stopped working another time,6
6345295,2015-08-15T04:00:00Z,This is second time that Gokce helped us as host \nIt was wonderful and had greet time \nGokce is excellent host she is the best I recommend to everyone to stay at Gokce place and enjoy Istanbul,8
6288998,2016-03-23T04:00:00Z,I can,1
6214138,2018-08-19T04:00:00Z,"Ilham was very attentive and polite. The apartment is quite spacious and has all the necessary amenities. It’s in a great location, with a supermarket right in front and a wide variety of shops nearby. There’s a metro station nearby, and plenty of restaurants around",8
645976,2012-11-30T05:00:00Z,"A nice and cozy flat with an awesome view over the Golden Horn. Close to public transport and the very busy Istiklal street, nonetheless the flat is very quiet (obviously apart from the Muezzin from the nearby Mosque, but he",6
6486593,2018-10-06T04:00:00Z,"Great location, 24 hour door service, free laundry, and the room has a fridge and comfy pillows",8
6242962,2015-11-10T05:00:00Z,"As a frequent traveler, this was was one of the most great experience, mister Onur Salih was helpful since my arrival at the airport, by guiding the taxi all the way to the hotel. Once arrived to the hotel, all the friendly staff took care of us and baggage, the room was as described very comfortable and clean, we asked for few things for the kitchen and extra pillows, we got them right away, I recommend this place to everyone looking for very good value for money",9
6242962,2016-02-15T05:00:00Z,It was a very good and comfortable experience. There was everything which can be expected from a suit hotel. It is also very close to metro station and central regions of Istanbul. I can suggest very strongly,8
6242962,2016-02-27T05:00:00Z,"We are very satisfied! Grat apartment and very nice team, very centrally located.Supermarket nearby, to shop and cook for themselves. We recommend it with a clear conscience. Nisantasi has many fine restaurants and cafes. Louis Vuitton, Burberry, Prada all luxury shops are in the near.Nice Place",8
6242962,2016-04-20T04:00:00Z,"We enjoyed our stay in the apartment very much. The location is very convenient, the host was very helpful and I can definitely recommend it",8
6242962,2017-03-23T04:00:00Z,"Everything was great, Onur Salih was very helpful in every way possible",8
6242962,2017-04-03T04:00:00Z,The host canceled this reservation the day before arrival. This is an automated posting,1
6242962,2018-04-13T04:00:00Z,A good place for singles who wish to cover many areas in Istanbul,4
6242962,2018-11-30T05:00:00Z,It was really great to stay at Carina Suites Hotel. I was happy to live there for couple of weeks. Really advice everyone who wants to stay in Osmanbey,2
6242962,2018-12-27T05:00:00Z,Me and my two friends stayed at carina park and we loved it! Great staff avaliable to help 24/7. Also suitable for big families,6
6447205,2018-09-10T04:00:00Z,"what do you expect from a home? a peaceful enviroment,a clear and tidy house.there are more of these in Elif",2
6534803,2016-06-18T04:00:00Z,"The hoster was so helpful and his place so calm and sweet) its located in 15 min walking from the bus station and the harbour or 5 min by dolmush. Clean flat and complete consultation about Istanbul we got, absolutely satisfyed",8
6627075,2016-08-23T04:00:00Z,"The apartment is located in a nice area, very close to many good restaurants. The apartment itself was clean and quiet, and only a few mins away for many metro stations. Basak was very helpful and responsive - cheers",8
6627075,2017-10-11T04:00:00Z,"Basak gave a very warm welcome, she was very helpful, efficient, and really cool.

The apartment is very well located; Basak accurately described the location.

A recommendation",8
6627075,2018-01-18T05:00:00Z,The host canceled this reservation the day before arrival. This is an automated posting,1
6708622,2015-08-27T04:00:00Z,I felt like I made lifelong friends at Burcu,2
6774703,2016-05-23T04:00:00Z,It was a bit hard to find it and the rest of the stay was really good.\r\n\r\nFYI you can get to the host only using the metro line from the airport,6
6807419,2019-01-01T05:00:00Z,"A wonderful place to stay in Istanbul. Perfect location, in the lively  and very well comunicated neighborhood of Beyoglu.  Super well located to catch tram and metro to the touristic musts but at the same time authentic. Other neigborhoods like Taksim and Cukurcuma /Cihangir are close enough and walking is just as easy. The flat is as stylish as you can see in the pictures and its in perfect condition. I would recommend it without any doubt",9
6944286,2018-02-11T05:00:00Z,The host canceled this reservation 2 days before arrival. This is an automated posting,1
7014635,2017-08-09T04:00:00Z,"Okay for one night, but far from luxurious as advertised",4
7276469,2015-10-17T04:00:00Z,I had a great stay in Gken,3
7418073,2018-02-25T05:00:00Z,We are pleased with our stay at Neva,4
7543508,2019-02-08T05:00:00Z,I recommend it,3
7427199,2015-10-01T04:00:00Z,"Absolutely loved this place! This was my first ever visit to Istanbul and I rented the place for the whole month. The decor of the room is very clean and modern. Soft and comfy bed.  Felt like a hotel room with a lot of great natural light. Bathroom was fantastic as well, especially the shower. Super fast wifi. Helpful staff: there was one time I needed to make a reservation at a restaurant that only spoke Turkish, and they helped me with that. Location was very central, close to Taksim and Nisantasi where there are some great restaurants. Highly recommend",9
7427199,2017-10-13T04:00:00Z,"My previous reservation with another host was cancelled the same day I was to check-in. Fortunately, Emrah responded quickly to my requests, answered all my questions and even allowed me a quick tour of the facility. His staff helped me with my luggage, laundry and all of my requests for the duration of my stay. The apartments are new, clean, modern, and avante-gardesque. Angular shaped space, concrete walls with clean white walls, tasteful furniture to match. So many things are in walking distance, metro is close by, centrally located to many of the sites to see in Istanbul. I highly recommend this place to anyone looking for a new, clean, hotel-serviced, apartment centrally located in Istanbul",9
7427199,2018-07-31T04:00:00Z,"Handsomely designed studio with a very nice bathroom and a separated eating/cooking area. Perfect for one or a couple. The location in Harbiye is very convenient, just one street from the main avenue. Emrah is a great host and the apartments are perfect for a short-term stay",8
7427199,2018-09-16T04:00:00Z,"The location was superb, easily accessible by metro and bus stops. Despite being on a lively main street, the accommodation was very quiet. The room service was excellent, clean and tidy. Employee Frau Derya was always friendly and approachable and always made an effort to fulfill all requests. The amenities were optimal, although there were occasional difficulties with the internet connection, which were quickly resolved",8
7427199,2018-12-22T05:00:00Z,The Best host in Istanbul,3
745923,2015-01-02T05:00:00Z,Huge apartment on a 2 minute walk or less from the M2 metro line and with a supermarket nearby for daily groceries. We were positively surprised when we arrived; it,8
744242,2018-12-29T05:00:00Z,"We received a very warm welcome from Ibrahim, who was very kind and responsive. The apartment was comfortable and well-equipped with good WiFi access. The apartment is located in a peaceful, cosmopolitan neighborhood and is very close to the metro, tram, and buses – it’s a short walk to the Blue Mosque. However, we weren’t able to enjoy the terrace in December, as the weather didn’t allow it. Unfortunately, the apartment isn’t adapted for people with disabilities. Despite this, we would highly recommend this apartment",8
7918194,2019-02-02T05:00:00Z,Location is wonderful only 1 min. from Istiklal and 5 min from Taksim square. You can find all utensil and spices for cooking. The apartment is clean and big. There aren,8
7928490,2016-02-02T05:00:00Z,The host canceled this reservation 20 days before arrival. This is an automated posting,1
7958920,2018-10-06T04:00:00Z,The room immediatly felt like home. It,2
8301532,2019-02-12T05:00:00Z,"Thanks for the hospitality!  \nClean, beautiful interior, good locatione!\nWe really liked everything",8
836433,2019-02-10T05:00:00Z,"It is a very cosy and clean place, I would definitely recommend it to any solo traveller or a couple",8
8463872,2019-01-16T05:00:00Z,"Great location. Quiet neighbourhood. Ten minute walk to ferry ($0.75) that took you to the side of Istanbul that has taxim and Sofia and many other sights. Ferrys are frequent. Coming back home is about 170 steps up. \n1 minute walk to basic groceries-eggs, milk, cheese and bread. 5 minutes to migros grocery with more options including beer and wine. \nApartment itself was warm and comfortable with a kitchen well stocked with dishes and utensils. There is a balcony with access from both rooms. \nHot water was always available. \nWe were very comfortable",8
8662829,2017-01-04T05:00:00Z,My friend Claire was looking for a place to stay in the evening for the next day. It,1
8746817,2019-01-05T05:00:00Z,"Excellent stay! Thank you very much, Ramiz. When I return to Istanbul, I will definitely book with you again! Thank you for your attention and your very professional staff",8
8863253,2018-12-27T05:00:00Z,Our time in Istanbul was great- we had a fantastic view over the city from Murats terrace. \nThanks for all,6
9672507,2019-01-25T05:00:00Z,"Although it was not what was pictured, it was very clean and the staff were accomodating and friendly! Location very close to subway and Taksim square",7
961596,2019-01-04T05:00:00Z,We had a lovely time at Ulas,4
9799412,2018-05-26T04:00:00Z,You can,1
