id,fecha,review,rating
10051164,2016-02-10T05:00:00Z,"Beatriz was very attentive and responded to my questions very quickly before the trip. The Catete neighborhood has a good location; we were able to easily get to Lapa and other places like the harbor and Praia do Flamengo during Carnival. The metro station is also nearby, with many dining options very close to the house. The layout of the house resembles a hostel, and the room I stayed in was excellent in size for four people, with air conditioning, which makes a big difference with the heat in Rio de Janeiro. There are four bathrooms, which were sufficient for the number of people that fit in the house; however, during all the days I spent there, the bathroom was never cleaned, fortunately the guests were keeping it in a usable condition, but it would be important to clean the bathroom periodically.

One important point is that the rooms are connected by a door that doesn’t have a lock and is quite thin; therefore, privacy isn’t guaranteed and you can perfectly hear the noise from one room in the other.

The price was just right for what was offered, but it would be important to simply improve the cleanliness and check if it’s possible to soundproof the rooms",4
10038496,2019-01-28T05:00:00Z,Everything was perfect! The apartment was very well-located and perfectly met my family’s needs. The host was helpful and attentive,8
10228731,2016-05-26T04:00:00Z,"Very attentive host, Timo.

The house is very well-maintained and extremely well-located, with a view of the rainforest and close to the metro",8
10267144,2018-12-12T05:00:00Z,Cesar was indeed a super host couldnt have asked for at better place to experience Rio! He made our trip Amazing,8
10299095,2016-08-20T04:00:00Z,Fernanda offers two rooms. J,1
10264100,2016-08-13T04:00:00Z,"Fantastic apartment in a perfect location. Ana Lucia made us feel right at home with fresh fruit and snacks! The apt is blocks away from the beach, near tons of great food (Go to Amir and Galeto Sats, thank me later) and plenty of places to hang out with locals (Bip Bip). Highly recommend staying here for your visit to Copacabana",9
10264100,2016-11-27T05:00:00Z,"Ana Lucia was very helpful and welcomed us wonderfully. The apartment is well-equipped and very well-located, close to the beach, public transport, and restaurants… it completely exceeded our expectations",9
10264100,2016-12-17T05:00:00Z,"Ana Lcia was incredibly attentive, quick with her responses, and flexible with my check-in and check-out times. The apartment is lovely and very well-located",9
10264100,2017-02-06T05:00:00Z,very good,6
10264100,2017-09-26T04:00:00Z,"Ana Lcia took very good care of us and answered all of our questions about the stay, as well as providing us with guidance on some matters. Great service",8
10264100,2017-10-01T04:00:00Z,I loved it,3
10264100,2018-03-07T05:00:00Z,The Timo apartment is well-equipped and in a prime location,6
10264100,2018-03-18T04:00:00Z,"The Timo apartment is well-equipped, clean, and comfortable. It’s in a perfect location, with lots of shops nearby and close to the beach.

We were very warmly welcomed by the host, who was very flexible with the check-in time",9
10201975,2019-01-28T05:00:00Z,"The apartment is very well-located, very cozy, with new furniture and very kind professionals",8
10383490,2016-05-16T04:00:00Z,"Luana was a great host, I felt at home. Sharing common areas – the kitchen and living room – wasn’t a problem. The room was clean with a large wardrobe and enough space. And the best part was, it was very close to where I needed to go; I walked there and back. The neighborhood was quiet.

Before going to Rio, we communicated by phone, and she was able to give me directions to the apartment. In the end, she kindly offered to pick me up at the Rodoviário Terminal, on my way back from work. I thought that was great, as I didn’t know the city’s road network.

We talked a lot; I found it very interesting",9
10381879,2017-09-10T04:00:00Z,"The location is excellent and very easy to access. The breakfast was excellent, and Lídia and Getúlio were quite attentive",8
10381879,2018-02-18T05:00:00Z,Great hospitality and helpful local tips,6
10381879,2018-09-09T04:00:00Z,"Good service, attentive hosts. Great breakfast. I recommend it",6
10381879,2018-10-22T04:00:00Z,The host canceled this reservation 67 days before arrival. This is an automated posting,1
10381879,2018-12-02T05:00:00Z,"Attentive hosts, a simple place but very clean, and a delicious breakfast",8
10381879,2018-12-22T05:00:00Z,We were very satisfied with our stay. The guesthouse was clean and had very tasteful decor. Ldia and her husband were incredibly welcoming hosts and made us feel at home! We highly recommend it,8
10381879,2019-02-02T05:00:00Z,"Wonderful place!

Anfitriones super receptivos.

Whenever I return to the Island, I’ll stay here",8
10381879,2019-02-03T05:00:00Z,Lidia and her husband were very welcoming and gave great tips about the island. Their guesthouse was easy to locate and very cozy. It’s located very close to a 24-hour mini market,8
10411341,2019-01-22T05:00:00Z,"The location was very good, surrounded by important streets and with good restaurants, and it was also quiet and sufficiently close to the beach (5 minutes walking). By phone, I noticed that the host was quite nice. The place was spacious and the beds were large and comfortable.

Negatives:
After the first message (when payment was still pending), the host stopped responding, despite us having made more than one request for a reply. As a consequence, we had to spend 30 euros on telephone calls using a French SIM card when we arrived at the airport to communicate with her and ask basic questions that were not provided: street number, who we would pick up the key from, the time we could enter, etc.
Furthermore, although I have used Airbnb countless times, this is the first time that nobody received us. We didn't see the host or the agency she hired or any other person at any time. We arrived, asked for the keys at the concierge, the way to open the garage, where to park, where to enter when we arrived from the beach, etc. We asked when doubts arose because no one gave us an introduction to the place. They sell a service as if it were a product, and without much customer service",3
10415637,2017-09-22T04:00:00Z,I had a nice time at Rio de Janeiro! Thanks to Rafael,2
10519173,2019-01-04T05:00:00Z,Excellent host and great location,6
10570041,2018-10-15T04:00:00Z,"The apartment delivers on all its promises, although it’s a little noisy due to the bus that passes by the door. However, that’s the price you pay for the wonderful location. The playground is fantastic, with a pool included",8
1063491,2019-01-02T05:00:00Z,"The apartment is very lovely and comfortable. Just as it appears in the photos, it’s very close to the beach and several supermarkets and services. Fabio responded to everything quickly and with immediate solutions",8
10635276,2018-05-02T04:00:00Z,Luis and Claudia are excellent people. The location is superb. I recommend this place for families or groups of friends,6
10648267,2016-02-10T05:00:00Z,"Dona Sonia was a wonderful host. The apartment was spotless, with nothing to complain about. She even left bottled water and cold beers in the refrigerator, made the beds, provided towels in the bathroom, and new soaps, as well as some emergency medications. She also offered her help numerous times and was 100% available.

This was the perfect apartment: spacious, airy, and very well-located. It’s just one block from the beach, surrounded by bars, good restaurants, snack bars, healthy food places, burger joints, sushi restaurants, etc. You can save a lot of time on travel because you can do everything nearby",1
11406680,2016-05-28T04:00:00Z,"Patricia was always available to help us, with a lot of kindness. The apartment has an excellent location, close to shopping malls, theaters, great restaurants, and supermarkets. Everything in the apartment was very clean. Overall, it was a fantastic stay",9
11406680,2016-07-15T04:00:00Z,"When I rented this apartment for a family holiday in July for the second time, I’ve come to love it more and more. The location is perfect, the apartment is super well-maintained and clean, and it’s also very well-equipped. It couldn’t be more suitable for my needs",9
11406680,2016-08-23T04:00:00Z,"Very nice place to stay!!!!

Patricia received my family in a very friendly way!!!! The apartment was in perfect order and clean. The rooms have comfortable beds with wardrobes. The area is very quiet, located on a private street very close to the Lagoon and the beach... I definitely recommend it",9
11406680,2016-10-23T04:00:00Z,"Patricia, the host, was very kind and attentive. It’s an excellent place!! The location is wonderful! We’ll definitely return, and I recommend it",8
11406680,2016-12-04T05:00:00Z,"The stay was great. The apartment was exactly as the photos showed. It was clean, airy, and very well-located.

Patricia was very kind and attentive",9
11406680,2017-02-24T05:00:00Z,"Thank you for your hospitality; everything met our expectations. The apartment is fully equipped for a family visit. The location is very quiet, the space is spacious and it has everything in the kitchen and a washing machine. The beds are very comfortable, just as described in the advertisement – it’s close to the beach, shopping, supermarkets, taxis, and tranquility.

I had a very pleasant stay and will return to my country, Chile, soon",1
11406680,2017-02-28T05:00:00Z,"The apartment is in a great location, clean and comfortable for 6 people.

Patricia is very attentive.

We loved our stay",8
11406680,2017-03-20T04:00:00Z,"Great location near Shopping Leblon, Leblon beach, Ipanaema beach and Lagoa. Felt quite safe there day and night. Leafy streets well lit at night. Spacious apartment for 6 people. View of the Christ Redeemer out of one of the bedroom windows. Master bedroom bed very comforatble. Other double room bed rather old and not so comfortble. Aircons noisy in that room too but fan also available. Kitchen well equipped and good washing machine and drying racks. Lounge had good comfortable furniture and large dining table. Wi-fi worked well. Only issue we had was part of the tiling in the kitchen spontaneously cracked and broke leaving the doorway into the kitchen with a very uneven entrance. Host provided a tarpaulin and offered us two free extra nights which made up for the inconvenience, an offer we were able to take up. Communication with host was through (Hidden by Airbnb",8
11406680,2017-09-25T04:00:00Z,"Patricia was very kind, helpful, and caring. We felt very comfortable; the apartment was exactly as advertised, very well-located with everything we needed, and the cleanliness was impeccable. We loved our stay",1
11406680,2018-02-13T05:00:00Z,"Our stay was wonderful! The apartment was clean, comfortable, safe, and well-located, which allowed us to do most things on foot.

I recommend it",9
10908640,2016-02-11T05:00:00Z,"Very friendly couple in a tidy, very well located spot right in the heart of Ipanema beach. Grabiela is such a warm and welcoming character! The room I stayed in was spacious, neat and with affordable price. Would definitely recommend this place to other tourists who are looking to enjoy a good time in the wonderful city of Rio De Janeiro",8
10908640,2016-08-13T04:00:00Z,"Gabriela is very welcomy and do a lot to make you feel confortable.
Would recommend",7
11131495,2019-01-06T05:00:00Z,"The apartment is a dream: spacious rooms, exquisite decor, and a beautiful city view, thanks to its location in the best neighborhood of Roma Sur: Santa Teresa! Banca and Wanderley were excellent hosts and responded to all our concerns, making our stay there perfect. Thank you so much for everything",1
10828339,2018-12-07T05:00:00Z,The host canceled this reservation 23 days before arrival. This is an automated posting,1
11459525,2016-07-25T04:00:00Z,"Our stay was wonderful. We traveled with the whole family and stayed at Fabi’s apartment. Everything was exactly as described. The hosts were available to us in every detail we needed, providing a great sense of peace. The apartment is located just meters from the beach, specifically in plot nine of Ipanema, it’s very spacious, clean and comfortable, especially ideal for families. We would definitely return to this apartment without hesitation",9
11459525,2016-08-22T04:00:00Z,"Excellent experience.

Fantastic service from Fabi.

Excellent apartment.

Highly recommended",8
11459525,2016-09-11T04:00:00Z,"Sensational – the rooms were tidy, the beds were made, and towels were provided for everyone!

This was the best apartment I’ve ever stayed in",1
11459525,2017-01-24T05:00:00Z,"Excellent apartment and location – it’s very safe, quiet, just one block from the beach, and close to everything. The apartment is spacious and comfortable, perfect for spending your vacation. Fabi was excellent, we were very grateful",9
11197217,2016-08-23T04:00:00Z,"We loved staying at Zuzu’s Apartment! It was lovely, welcoming, and very well-located! Close to Copacabana, Ipanema, and the metro – fantastic! Plus, we were greeted with a delicious yupiua cake, fruit, and lots of friendliness",8
11197217,2018-02-15T05:00:00Z,"We were received very well, with a lot of hospitality and care. The location was excellent, at the end of Copacabana and convenient to Ipanema. The apartment is lovely and perfect for 5 people – spacious and with everything necessary to spend a holiday",8
10706900,2019-01-25T05:00:00Z,Thank you,2
11840338,2017-09-17T04:00:00Z,Ideal location. New apartment. Fair price,6
11679012,2018-12-17T05:00:00Z,"The location is great, very safe, and it’s possible to do everything on foot, whether it’s going to bars at night or heading to the beach during the day. The apartment comfortably accommodates 4 people, has nice rooms with good air conditioning, a spacious bathroom, and a spacious, comfortable living room. The doorman is also very polite and helpful. Rodrigo is very flexible and attentive, always asking if everything is okay with the accommodation. I would definitely recommend this space and I will return when necessary",9
11679012,2019-01-28T05:00:00Z,"The location is excellent, allowing you to easily walk to the beach and markets. Everything that was described in the listing was available. The neighbors and doorman were very polite and helpful. The host (in this case, Rodrigo) was very attentive, and everything made for a fantastic experience",9
11860047,2017-01-03T05:00:00Z,"These were wonderful days. The apartment was very cozy, with a spectacular view and an incredible location. We highly recommend it for anyone who wants to relax and enjoy a good beach",8
11860047,2019-01-18T05:00:00Z,"Excellent apartment in one of the best condominiums in Recreio.

Located right on the beach.

The apartment is comfortable, with a beautiful, spacious balcony overlooking the sea. It’s very well-equipped with good taste and details that make it stand out, and has everything necessary and more for a truly pleasant stay.

The condominium services are excellent, especially the pool maintenance.

Close to commercial areas like a small supermarket, pharmacy, and other shops.

The host was incredibly attentive and always in contact, providing information.

Highly recommended.

Thank you, Alexandre",1
1163119,2017-06-19T04:00:00Z,"The location is convenient, it’s clean and cozy. I definitely recommend it",8
11716047,2017-01-08T05:00:00Z,The host canceled this reservation 5 days before arrival. This is an automated posting,1
11716047,2019-01-02T05:00:00Z,"The apartment is small, but it has all the necessary amenities to have a good time. Four people fit comfortably in the three beds, and the shower is separated from the bathroom, which is a huge help for saving time. It’s only half a block from the beach!

If we return to Ro, we will definitely return to this house",8
11695437,2019-02-01T05:00:00Z,"The place was exactly as shown in the photos. The experience far exceeded expectations, especially since I stayed for five months. The building staff were extremely friendly and polite. The host was very welcoming and friendly. I highly recommend it",8
11740322,2018-12-25T05:00:00Z,"The place, Timo, is close to everything. The house is incredible, beautiful, stylish, and very cozy. There’s nothing to complain about. Edson and Rafaela were always available to help at any time. It was an incredible experience",9
11890476,2017-01-06T05:00:00Z,"They accompanied us during each day of our stay, and they were very warmly helpful with any questions we had. Ana Rita was very kind and courteous. The neighborhood seemed very safe, although it was a bit far from the beaches",8
11945972,2016-08-15T04:00:00Z,Luiz and family met us when we arrived in Rio and drove us to the house. It was wonderful to have them greet us in a foreign city where we may have struggled to make our own way.\r\nThe house was very comfortable and having a maid service made our stay there very relaxed. Luiz and Lillian responded very quickly when we did have a little problem and got things put right very quickly.\r\nWe really appreciated the transport provided by Lillian,9
11939367,2019-01-05T05:00:00Z,Excellent attention… you’ll feel at home,8
12004365,2017-01-02T05:00:00Z,"The apartment is very comfortable and has excellent facilities in the building. On top of that the location is amazing and you can go walking to the beach, stores, supermarket, bars, etc. Lucas was an amazing host, very easy to connect with and always ready to help. I will definitely come back",9
12004365,2017-01-29T05:00:00Z,"This is a very good apartment with all the amenities, just 4 blocks from the beach and 2 blocks from the center. The host’s attention was excellent and outstanding!!! Highly recommended",8
12004365,2017-03-01T05:00:00Z,"The apartment is extremely well-located, comfortable, and has everything necessary for a complete stay. Lucas was incredibly helpful and responsive from the beginning. My friend and I loved the time we spent at the apartment and we already want to return",9
12004365,2017-04-17T04:00:00Z,Everything was very good,6
12004365,2019-01-02T05:00:00Z,Great place and perfect location,6
12088301,2016-08-19T04:00:00Z,"I was in Brazil for the Summer Olympics as a volunteer and I needed to be close to the Olympic Stadium (Engenho). This home was perfect only 25 min by bus.

Kayanh and his family were awesome. He was great in making me feel at home, I left feeling like family. He took me on a tour of Rio on my first day and showed me everything to do in Rio. He was so accommodating and made me feel at home when I first arrived. Kayanh far exceeded my expectations. The home is so beautiful (I called it the tree house). The bedroom has everything- TV, fans, zoned air conditioning. The bathroom was awesome too. Everything was very well decorated and very clean. The neighborhood was great. It was in a very private, quiet neighborhood, close to the BRT and the area is very convenient, everything is in a walkable distance if you like walking. 

Kayanh home is 35-40 min from the airport by car and 1 hour from Centro Brazil, if you do not mind travelling by public transportation all the tourist areas are accessible.   

Kayanh and his family are the best hosts that you could ever ask for. I only speak English, and Kayanh spoke Portuguese and English which was a tremendous advantage. 

Kayanh and his family are 5 star hosts",9
12181533,2016-05-31T04:00:00Z,"It was very good, I recommend it to everyone. I chatted with the host via WhatsApp the whole time and didn’t have any problems, thank you for everything",8
12181533,2016-08-10T04:00:00Z,"The communication with the host and his wife was excellent, as was the welcome at Barra Leme Hotel Residence, which has a heated pool, a hot tub, free beach service, a gym, a games room, hair salons (at an additional cost), and is the best location on Barra Beach (between Post 1 and Post 2). It’s a safe and pleasant place with very reasonable pricing. Great thanks to the hosts and thank you",8
12253016,2016-08-14T04:00:00Z,We had a wonderful welcome. Fabio made us feel very comfortable. It was in a great location,8
12290090,2016-08-15T04:00:00Z,The apartment was lovely and spacious. I felt at home with my boyfriend and was able to really enjoy the Olympics because it was very well-located,8
12290090,2016-08-21T04:00:00Z,"We absolutely loved our first Airbnb experience! We liked everything: the welcome, the location, the tips, and the host’s friendliness. We recommend it to everyone",8
12290090,2017-09-23T04:00:00Z,"We were very warmly welcomed, had a very pleasant stay, and we wholeheartedly recommend it to everyone",6
12290090,2017-09-24T04:00:00Z,"This apartment was really great! Everything was very good, the host welcomed us warmly and even picked us up at the BRT station when we were going to Rock in Rio. The location was excellent for those going to the Olympic Park – while everyone else was stuck in huge lines for taxis/BRT, we were able to leave very easily, even in the middle of the night, without any trouble. It was my first Airbnb experience and I really enjoyed it! I recommend it",9
12290090,2017-09-25T04:00:00Z,"The place was exactly as described, the organization was excellent, and the location was better than I expected. I would recommend staying there",8
12355178,2016-07-08T04:00:00Z,It was a great experience. Ione gave me a lot of help on knowing the Rio and my travel plan! The room is very nice and clean. Every stuffs in the room are nice clean and beauty,8
12355178,2016-08-15T04:00:00Z,"Ione was a great host, very responsive and quite attentive. She made us feel very welcome during our stay and was even flexible in certain aspects. And the conversation was great",8
12355178,2018-01-02T05:00:00Z,"This was an excellent accommodation, with a very good location – it was safe, everything was nearby. Ione prepares the best breakfast. The view from her apartment is unique. We felt very comfortable during our stay",8
12234922,2019-02-08T05:00:00Z,Excellent host,5
1255979,2019-01-10T05:00:00Z,Nice place to be hosted at. Cozy and practical,6
11921637,2017-03-01T05:00:00Z,"This apartment is functional and thoughtfully decorated, and it genuinely has a wonderful view. It’s located in block 8 of Barra, just across the street from the beach. To get to the more lively area of Barra, you’ll need a car. The hosts were helpful and communication was smooth",8
125656,2019-01-27T05:00:00Z,"This is a small, cozy apartment close to everything. The environment is clean and the host is efficient in making the reservation. I recommend it",8
11948645,2017-01-13T05:00:00Z,The host canceled this reservation 16 days before arrival. This is an automated posting,1
11948645,2017-03-14T04:00:00Z,"This apartment was decent… it’s close to the main shopping centers in the West Zone, and you can walk or take the BRT to get there. The beach is nearby – you can walk or take an Uber (around R$8 to Praia da Macunha and Pontal). There’s a huge selection of amenities within the condominium, but you really should pay attention to the condominium’s rules. The pool isn’t operational on Mondays, and generally, I was satisfied",7
11948645,2017-11-18T05:00:00Z,"The service was excellent – Timo was particularly attentive. We brought our Labrador, and the condominium received her very well thanks to Augusto’s attention. The apartment was exactly as pictured, the cleanliness and reception were top-notch; nothing was lacking for the accommodation. It’s easy to access the more secluded beaches and also the avenues with lots of shopping. The location is very safe",1
11948645,2017-12-23T05:00:00Z,Wonderful stay. The apartment was super clean and cozy. The kitchen is practical and has all the utensils we needed,8
11948645,2018-01-28T05:00:00Z,Augusto and a first-class host,6
11948645,2018-02-03T05:00:00Z,"This was a perfect house for a family; the cleanliness was impeccable. The host was attentive and concerned for the guest’s well-being. The neighborhood was very quiet, close to shopping centers and beaches",9
11948645,2018-02-08T05:00:00Z,"Good afternoon, my stay with Augusto was fine, he was very attentive. The apartment had a wonderful view, a good space, and was in a quiet location. I recommend it. Maria do Carmo",8
11948645,2018-03-26T04:00:00Z,"We had wonderful days in Augusto’s apartment!!!! From Isabel, who took care of our check-in, to the condominium staff, everyone was very pleasant and welcoming. The apartment was super clean and organized, very well-equipped. The nearby beaches are beautiful, there are good restaurants and a shopping mall next door. I recommend it to everyone. We’ll love to return and stay again in his apartment! Thank you very much",9
11948645,2018-04-01T04:00:00Z,"This apartment was great! It was beautiful, clean, and had a wonderful balcony. It’s located within a condominium with a pool. We went to the beach at Ubatuba because we thought it was too far to go to the city center",8
11948645,2018-04-10T04:00:00Z,"Thank you, Augusto, for the service. He was very attentive",4
11948645,2018-04-23T04:00:00Z,"It’s very well organized, a new and well-maintained condominium",6
11948645,2018-05-02T04:00:00Z,Everything was as described in the advertisement. It’s very close to the shopping mall and the market. I’ll definitely be returning soon,8
11948645,2018-05-13T04:00:00Z,"Tima Receptividade e Acomodação is excellent. It’s very well-located and in a quiet neighborhood. It’s close to everything – the shopping center, Pão de Açúcar, and the beach. I highly recommend it",8
11948645,2018-05-28T04:00:00Z,"It was a great space, with a pool and an excellent location. I have nothing to complain about. Just a big thank you, THANK YOU VERY MUCH",6
11948645,2018-06-10T04:00:00Z,Sensational place,2
11948645,2018-06-17T04:00:00Z,"Excellent apartment, clean, well-equipped, in a very quiet location.

I will return many times with my family",9
11948645,2018-06-26T04:00:00Z,"You can expect a place with excellent infrastructure, well-maintained, modern, and welcoming, including families with young children. The host is helpful, polite, assertive, and doesn’t leave you feeling uninformed. Unfortunately, we had bad luck with the gas company making an error while I was there, but this wasn’t the host’s fault; he did everything he could to resolve it quickly. This allows us to confidently say that anyone wanting to stay here can be assured they are making a good choice",8
11948645,2018-07-02T04:00:00Z,"I loved my stay; it was a well-located, quiet place, close to beaches and shopping centers.

I want to program other freezers",6
11948645,2018-08-01T04:00:00Z,"The space is nice and the facilities are clean and well-organized.

I recommend it",8
11948645,2018-10-29T04:00:00Z,"Sensational, everything was exactly as arranged, very good, I recommend it to everyone",8
11948645,2018-11-04T04:00:00Z,I highly recommend it,5
11948645,2018-11-11T05:00:00Z,"This apartment is very beautiful, well-located, and has an incredible view. We loved the security and the attention that Augusto and Isabel gave us. We’ll definitely return again",8
11948645,2018-11-12T05:00:00Z,"Regarding the apartment of Augusto, I can only comment on the location; due to a lack of communication from the host, I was unable to check in, waiting at the front desk for 30 minutes and no one appeared. However, the apartment is in a good area for those who want to do things in Recreio and the Parque Olímpico region. The condominium is secure, and there’s a beautiful park nearby where you can take your pets for a walk.

Piquenique. I particularly found that I’d walked all over the city, and I thought it was far too distant, it felt like I’d never actually get there. Unfortunately I didn’t have a good reception; after making the reservation, the host didn’t respond to my messages, so I can only say that much. The building itself seems to be very good",3
11948645,2018-11-20T05:00:00Z,"The apartment owned by Augusto is comfortable and very well-equipped. It’s located in a quiet condominium with a games room, a steam sauna, a swimming pool, a hot tub, computers for internet access, a covered garage, and within walking distance of the beach, a shopping mall, and a supermarket – everything is about 5 to 10 minutes away on foot. I recommend it; it’s already on my list of favorites",8
11948645,2018-12-01T05:00:00Z,"This was a beautiful accommodation, everything was of extremely good taste. The host, Augusto, was very kind. The location was safe and quiet.

We loved it",8
11948645,2018-12-26T05:00:00Z,"Augusto was very attentive, the environment was pleasant and clean with plenty of resources for family living",8
11948645,2019-01-01T05:00:00Z,"The apartment is extremely clean and spacious, with easy access. It has everything you could need, from kitchen utensils like an iron and ironing board, to towels and bed linens. The host was fantastic, and I’ll definitely be returning for sure",1
11948645,2019-01-07T05:00:00Z,"Everything was very good! Augusto responded quickly to requests. The accommodations were in excellent condition, and the check-in and check-out services were very good, provided by the wonderful Isabel! It’s definitely worth it! The cost-benefit is very good! I highly recommend it",8
11948645,2019-01-10T05:00:00Z,"Ento... O apartamento tem vista para a Avenida das Americas e fica perto da…

The Civil Police station, which guarantees a total sense of security for daytime walks, is located within the condominium. The staff are very nice, I was very well received, and Augusto also recommended places for leisure",6
11948645,2019-02-05T05:00:00Z,"The apartment was clean and comfortable, but it isn’t ideal for families",6
12354373,2017-03-09T05:00:00Z,"A great space for relaxation! Alice’s space is comfortable and quiet, where you can walk safely enjoying a beautiful landscape with mountains. There’s lush vegetation. In addition to the possibility of hiking to waterfalls. Alice and her family were very helpful and assisted us with whatever we needed. Thank you for everything",8
12091894,2019-01-03T05:00:00Z,"Excellent hospitality from Armando. Very good apartment, very modern and comfortable",8
12403784,2016-08-21T04:00:00Z,"The apartment was incredible. It was super well-maintained. It was organized, clean, and I even received a welcome kit :) I felt very welcomed. The location was very good. I recommend it",9
1264811,2018-04-16T04:00:00Z,"The location is convenient, and the apartment was exactly as described. Leandro was a very kind host and assisted with everything I needed",8
12657285,2016-12-30T05:00:00Z,Lusa was a very correct and concerned person regarding the good stay. The apartment is cozy and close to the beach,7
12657285,2017-01-02T05:00:00Z,Lusa is an excellent and very attentive person. Her apartment is cozy and close to the beach. I’ll definitely return soon,8
12657285,2017-01-06T05:00:00Z,Lusa is an excellent person; the apartment is very well located and spacious. It’s just one block (quadra) from the beach,8
12657285,2017-01-16T05:00:00Z,"Excellent property, well-located and cozy, and the host was very attentive. I’ll return",8
12657285,2017-02-28T05:00:00Z,Timo Imvel is located one block from the beach and near a pharmacy and supermarket,7
12657285,2017-03-05T05:00:00Z,"timo imvel aconchegante e próximo do melhor ponto da orla.

The host was very attentive, and I would return in another opportunity",6
12591225,2017-02-28T05:00:00Z,"Close to the metro (Jardim Oceanico, 1.2km, 15-20 walk). Really nice, 2-level brand new penthouse in a quiet residential area, just one block from the beach.  Various good restaurants nearby and a convenient supermarket on the corner.  Accommodates 12 persons (adults only, apartment is not exactly child friendly because of the 2 levels and the swimming pool on the 2 floor) with more than enough space to relax and feel like in a spa environment",9
1273526,2014-08-30T04:00:00Z,Patricia was a good host! she is friendly and helpful and at the same time she was not always at home so we had our own space. I,6
1284892,2019-01-27T05:00:00Z,"The apartment is located locally, spacious, clean, and organized",8
12639342,2019-01-26T05:00:00Z,"The location is great – everything is nearby and the neighborhood is leafy and beautiful. Everything was super clean, well-decorated, and cozy. The host was attentive and lovely. I recommend it",1
12651199,2019-02-03T05:00:00Z,The host was very welcoming and was 100% available for any information. The apartment was very well-maintained and located on Ilha do Governador. I recommend it,9
12761564,2016-08-14T04:00:00Z,"It’s a small and simple apartment, but very clean, with plenty of natural light all day long. It has everything you need to feel very comfortable and is located in a very quiet, pleasant, and safe area of the Taquara do Ro neighborhood in Rio de Janeiro.

It’s easily accessible from Galeão International Airport to the Taquara BRT station. The apartment is close to the

The BRT Taquara metro station is a good starting point for getting anywhere in Rio de Janeiro. There are restaurants, pharmacies, bakeries, large stores, and nearby shops that you can easily walk to.

Don Paulo Henrique is a kind, generous, and very friendly host. Without a doubt, when I have the opportunity to return to Rio, I would stay at that apartment again",9
1304552,2019-02-01T05:00:00Z,Location location location! This is a great studio in the right place. It has everything in it you could need for a short stay. Theres a doorman at the building who gave us the keys because and everything went smoothly. It looks exactly like the pictures,8
1310141,2017-02-28T05:00:00Z,"The apartment was true to what was shown on the website, but the building is a bit old. The bed is also a little firm, but the location of the apartment is excellent, close to everything with easy access to transportation. Carmella was very attentive and helped us with everything we needed, including adjusting the check-in and check-out times to suit our needs",8
13304991,2018-12-28T05:00:00Z,Outstanding hospitality,6
13324467,2019-01-31T05:00:00Z,"Anyone considering this Loft will be surprised by how clean and well-cared for it is, thanks to the host. Everything is very well organized and has excellent taste; the host has clearly thought of every little detail. Everything that was recommended to us as a route was fantastic! Congratulations, Raygs, everything was wonderful",8
13361526,2016-08-17T04:00:00Z,"The apartment was fantastic and Sara (Sabrine’s friend) was incredibly attentive and flexible! The location was excellent (on the border between Leblon and Ipanema, close to the lagoon), with the metro station right in front of the building (the new line will open to the public in a few months). The apartment was bright and exactly as it appeared in the photos! The only downside was the noise level – due to the construction of the metro and the central construction site being very close to the apartment, there was moderate noise during the day, and also some activity on a few nights, which should continue for some time yet. Furthermore, the building is undergoing external renovations on the ground floor, and the noise level was quite high during the period we were staying. It will be beautiful once the renovation is finished! Thank you for your hospitality, Sara",8
13361526,2016-08-22T04:00:00Z,"Even arriving at 6:30 in the morning with only one day’s notice for the reservation, we were received very well and they went out of their way to ensure our stay was perfect. Excellent location",8
13361526,2017-03-01T05:00:00Z,"This apartment is incredible, in the best possible location! Also, Sara is very sweet, polite, and goes out of her way to help!

I highly recommend it",8
13361526,2017-04-17T04:00:00Z,"The apartment is bigger than it appears in the photos; it’s ideal for a couple. It was completely clean and organized. The location is excellent, close to the beach, the Leblon shopping mall, right in front of the metro, near shops, markets, restaurants, and cafes. The host was attentive and available. The building is renovated and the staff are super friendly. We will definitely return! Ahhh Rio, what a wonderful city",9
13361526,2019-01-12T05:00:00Z,"The apartment is clean, spacious and well equipped. The localisation is perfect: in front of metro, near the shopping Leblon, 2 blocks from the beach. Sabrine was very reactive, the checkin and checkout were well organized. Excellent value for money",9
13411324,2018-11-19T05:00:00Z,"I spent 4 days during the holiday at Teresa’s house. The house is very well-located. We were concerned about safety and so on, but the neighborhood was very quiet and we had no problems with anything. Teresa’s house is well-equipped with everything… beds, tables and bathrooms, and kitchen utensils. The bathroom was the most beautiful thing kk, very clean (we loved it) … Her reception was very good and so was that of the gatekeepers. Everyone was welcoming and hospitable. I will definitely return there",8
13344796,2016-08-29T04:00:00Z,"Eduardo was always available and could provide assistance whenever it was needed. He helped us get our bearings in the city and plan our trips.

He was always incredibly friendly and in a good mood",8
13373114,2016-08-09T04:00:00Z,"This was a very good apartment – comfortable, with good furniture, and very well-located. The building was also excellent, with good security and cleanliness. The equipment was excellent, and it was a great experience. The host was very friendly and helpful. I recommend it",8
13366855,2016-08-12T04:00:00Z,"Our stay was very nice. Our host was very helpful with giving us advise as well as assisting us with organising a Taxi when we arrived at the airport.  The neighbourhood discription could have been a bit more specific, for example the bus routes / stops and where the closet mall is.  The apartment complex was nice and security was great",8
13366855,2016-08-23T04:00:00Z,Julia was very attentive and helpful. Everything was fine,6
13390320,2019-01-26T05:00:00Z,"The apartment is perfect; my wife and daughter and I stayed there very comfortably. The location is unbeatable – in the heart of Ipanema, just 5 minutes from the beach and 1 minute from the best restaurants in Rio de Janeiro. Just around the corner, without crossing a single street, you find supermarkets, kiosks, and pharmacies. Leo and Archanjo are truly excellent hosts, with a fantastic and honest disposition. I would definitely return with them every time I visit Rio",1
13444131,2016-08-21T04:00:00Z,"Jorge was very kind to quickly have his apartment cleaned and allowed us to move in with very short notice during the Olympics. He thoroughly explained how everything is the apartment worked. Even stocked the fridge and cabinets with milk, water, and snacks. It",9
13491812,2018-01-02T05:00:00Z,The location is excellent and the accommodation is superb! I highly recommend it,7
13525014,2016-08-10T04:00:00Z,Accurate and appropriate description. Delivered exactly what was expected,8
13525014,2016-08-14T04:00:00Z,"Miria was a very helpful host, and the apartment is as described in the listing. The location is very good. I recommend it to all Airbnb users",8
13525014,2016-08-21T04:00:00Z,"It was a fantastic experience. Miria was very kind, and the space was clean, comfortable, and superbly located",8
13525014,2017-03-12T05:00:00Z,"Spacious apartment. Identical to the photos.

The only problem was with the shower, it didn't work on hot and we were traveling with a baby. Even in the heat of Rio, she couldn’t take a cold bath.

Let's figure it out.

That was alright, though not great.

The location was very good, close to markets, banks, and a bus stop",6
13525014,2017-07-27T04:00:00Z,Great apartment just 3 blocks away from the glorious Copacabana beach! One block toMetro! Miria is lovely! Her daughter was really helpful translating for us,8
13525014,2017-09-10T04:00:00Z,"I was very warmly welcomed by Miria.

Her apartment is very good and spacious.

She was very calm and nice.

The place was very good and the garden too.

I'm going to stay there many more times",8
13525014,2017-09-19T04:00:00Z,"Our stay in Miria’s apartment was incredible! The location was wonderful, the apartment was excellent, very clean, and it had everything we needed to spend a perfect week in the marvelous city. We only needed to speak with Miria at check-in and check-out. The accommodation was better than in many guesthouses/hotels I’ve stayed in. The location was very close to the beach, the metro, pharmacies, supermarkets, and bakeries. And Miria is an excellent person, very attentive and kind. Thank you very much, Miria",1
13525014,2017-09-27T04:00:00Z,The location was very good. It’s very close to metro stations and avenues with buses. The building is really nice! It was super well-attended. A shame there wasn’t WiFi,6
13525014,2017-11-05T04:00:00Z,The apartment is spacious and very comfortable. It was very well located and was spotless when we arrived. I recommend it,8
13525014,2017-11-20T05:00:00Z,"The price-to-quality ratio is very good.

The area is safe and there are many businesses nearby",6
13525014,2017-11-30T05:00:00Z,"The space was very good, well-divided. It’s located 50 meters from a very busy street, but you barely hear the cars or buses passing by. Everything was quiet and tranquil. The address was excellent, the building was very familiar. Just a block from the metro and the main Copacabana avenues. Close to everything. I loved my stay at Miria’s apartment, thank you so much for your hospitality and flexibility",8
13525014,2018-01-22T05:00:00Z,The location is good and it’s a great space,6
13525014,2018-02-14T05:00:00Z,"It’s a really cozy and airy space, with easy access to everything thanks to the metro station right next door. Miriam was very attentive, and the apartment was super clean",9
13525014,2018-03-09T05:00:00Z,Very well located,5
13525014,2018-03-20T04:00:00Z,My friend and I stayed in Miria’s apartment for 4 days. We thought the location was excellent – it’s right next to the metro and just a few blocks from Copacabana beach. The building doormen are helpful and the area is safe. We loved it and we plan to return,8
13525014,2018-06-24T04:00:00Z,"The space was very good, consistent with the price charged, and the location was also very good, close to the beaches and quiet. What was lacking was the absence of Wi-Fi, which is essential for those on a trip",6
13525014,2018-07-28T04:00:00Z,"This apartment is in an excellent location, close to supermarkets, bakeries, pharmacies, banks, restaurants, and just a few blocks from the beach. It’s a safe area and you can walk around comfortably. I found the king-size bed a little uncomfortable because it’s uneven, and I also missed having Wi-Fi, but it’s still a good value for the price",6
13525014,2018-08-06T04:00:00Z,"Miria was very nice at all times, from before arrival until check-out. She was always available to answer any questions. We never found a place that good for R$68 a day. It’s very close to the metro, just a few blocks from Ipanema and Copacabana beach (approximately 3), near shops and 4 markets. The building is secure (24-hour doorman) and quiet. It doesn’t have a washing machine, but for us and my boyfriend it wasn’t a problem (we washed our clothes by hand), and there are several laundromats nearby. I would only advise future guests to bring a towel (as it’s a very personal item). The room was a little different from the photo, as it had a wardrobe and a bunk bed, but that wasn’t a problem. The room has air conditioning and the living room has a very strong fan. I thank Miria for her hospitality and I will definitely return to the apartment when I need to stay in Rio",9
13525014,2018-09-03T04:00:00Z,"This is the second time I’ve stayed in Miria’s apartment, and it’s a wonderful location! I just wanted to thank her for her hospitality. Thank you",8
13525014,2018-10-07T04:00:00Z,This apartment is highly recommended – it’s spacious and in an excellent location,6
13525014,2018-10-24T04:00:00Z,"This apartment is super comfortable for four people – it’s very well-ventilated and a pleasant place to stay. The location is excellent; there’s a metro station (Cantagalo) that connects to various tourist points in the city. There’s a bakery right at the entrance to the building, nearby markets, and a wide avenue filled with restaurants if you prefer to eat out. It’s only a few blocks from the beach and very quiet for evening walks; and if you prefer cycling, there are at least two meeting points nearby. Also, you can go with them to Ipanema! We loved the place and the apartment. We’ll return again, Miria, thank you for your welcome. And, oh, the doormen are also very nice",9
13525014,2019-01-15T05:00:00Z,"Our stay in this apartment was excellent. It had a great location, close to many markets, just one block from the metro, and a short distance from Copacabana beach. Miria’s hospitality was very kind and she was always available. We were a group of three people and we were very comfortable; if I were to travel in a similar way again, I would definitely choose this place again",8
13489279,2016-08-19T04:00:00Z,"Caroline was a great host from first contact. Her home was clean, in a great location, and she went above and beyond to make us comfortable (water, maps/brochures, snacks, and plug converters). The guest house is modern and had its own entrance for privacy but Caroline was available to call on in the main house if necessary. It was a great stay and we would highly recommend her as a host",9
13489279,2016-08-22T04:00:00Z,"I spent two days at the house with my boyfriend at the Olympic Games – it was great!

Caroline greeted us at the agreed time, and let us check in early at 10 am, and leave at the later check-out time specified by our bus schedule.

The house was recently renovated, the kitchen was great, the bed linens and towels were brand new and everything was super clean. In the kitchen, there were fruits and water in the refrigerator. We felt at home!

The neighborhood is family-friendly, with a few restaurants nearby and a bakery on the corner. The metro is about three blocks away. By car, it’s less than 15 minutes from the Maracanã stadium.

Thank you for everything, Caroline",1
13489279,2018-02-14T05:00:00Z,"We arrived at the scheduled ten o’clock time and were very warmly welcomed by Caroline, who showed us all the amenities of the house and their functionalities. The house was very clean and well-stocked with kitchen utilities, including a coffee maker, toaster, and blender. It was also very well-equipped with a NET television, Wi-Fi, a sound system, a large fan in the living room, and air conditioning in the bedroom. Regarding the latter, we found a comfortable bed with clean and high-quality linens and duvets, as well as bath towels and hand towels.

Every time we had any doubt, Caroline was always helpful, even allowing us to leave a little later at the Airbnb. I’m certain I recommend the stay, and I plan to return soon",1
13489279,2018-07-03T04:00:00Z,"The space is super cozy, comfortable, and clean. The host couldn’t have been better! I recommend it for any occasion",8
13489279,2018-10-31T04:00:00Z,The host canceled this reservation 60 days before arrival. This is an automated posting,1
13489279,2018-11-02T04:00:00Z,The host canceled this reservation 69 days before arrival. This is an automated posting,1
13585970,2016-08-11T04:00:00Z,Staying at Cesar,1
13739484,2016-08-08T04:00:00Z,"My stay was great. The house was fantastic, very cozy",6
13739484,2016-08-13T04:00:00Z,"It was clean, comfortable, quiet, and very pleasant",8
13739484,2016-08-21T04:00:00Z,"I went to watch the Olympics in Rio, which is why I was looking for something in this area, and everything went very smoothly. The Brt (bus) is nearby and the location is pleasant and quiet",6
13810527,2019-01-06T05:00:00Z,"I really enjoyed staying in Paulos nice apartment. the location is great, just 10 minutes taxi ride away from Copacabana and Ipanema. it",6
13937802,2016-08-11T04:00:00Z,"It was a very good experience. I was able to stay safe and comfortably in Rio de Janeiro. The location was very close to the Metro, which made getting around the city easy. The apartment was exactly as the photos showed. The host was very responsible, attentive, and nice; I would definitely recommend it to anyone visiting RJ",8
13937802,2016-08-13T04:00:00Z,"The host was very attentive and available; we felt so at home in her house, which, by the way, is a charming decor. The room and bathroom were excellent and very clean. The apartment is very close to the metro and easily accessible! We received a key to the apartment during our stay! We left our car in a parking lot nearby for 35 reais a day. We will definitely return",9
13937802,2016-08-16T04:00:00Z,"The localization was excellent. I thought everything was great; Conceição was a lovely and very organized host. I recommend her, and definitely if there’s another opportunity, I’d return",8
13937802,2016-08-17T04:00:00Z,"Mrs. Conceio was very attentive and helpful from the very beginning, providing us with accurate information about transportation and food. The apartment is lovely, with a prime location; the room we stayed in was very clean and organized, the bed was extremely comfortable and cozy. We highly recommend it",9
13937802,2016-08-24T04:00:00Z,A Conceio was very nice and helped me a lot during my stay. The location is very close to the metro and the area is safe,8
13937802,2016-08-27T04:00:00Z,"It was very quiet for me; it was exactly what I needed.

It’s not very cheap, it’s close to everything (I mean, it’s in a commercial neighborhood). Taxi right at the door, very convenient by the way.

Nothing to complain about.

EU INDICO",7
13937802,2016-09-07T04:00:00Z,"I highly appreciate that my host took an extra effort on language barriers thanks for the resources of technology ( (Hidden by Airbnb) translator) that were able to communicate. 

Home is super clean and thr breakfast is great. A super duper host that makes you feel comforatble being in their home",8
13937802,2016-09-13T04:00:00Z,"Everything was perfect. The host is a great team and takes very good care of her space, which is cozy and practical. The area where the apartment is located is busy and full of commercial establishments that stay open until late, as well as public transport access points",8
13937802,2016-09-20T04:00:00Z,I loved the Airbnb experience. I recommend a very kind and welcoming host. The house is beautiful and comfortable. It’s in a very well-located place. Close to the Maracanã and with easy access to other parts of the city. I recommend it,8
13937802,2016-09-20T04:00:00Z,"Great stay. Thank you again, Conceição",6
13937802,2016-10-03T04:00:00Z,"The room/condo is great, and Mrs. Conceicao is an amazing woman, very professional, hospitable and friendly. It was a privilege to be hosted by her.  Look forward to staying there more times in the future",8
13937802,2016-10-17T04:00:00Z,"It was a great experience! The room was exactly as described, very comfortable and meets the needs of anyone spending a few days in Rio de Janeiro. Conceição was a wonderful host, very attentive, hospitable, kind, and good company, assisting with whatever was needed.

I hope to return on a future opportunity. I recommend this place to everyone",1
13937802,2017-01-31T05:00:00Z,"The host was discreet and very friendly. The place was clean, organized, and made me feel very comfortable. The room had a double bed, a wardrobe, and air conditioning. The apartment is located in a complete shopping center. The neighborhood is relatively quiet at night. There’s good security. It’s a middle-class neighborhood. I’ll definitely return",8
13937802,2017-02-05T05:00:00Z,"A Conceio welcomed us very well; it was a clean, well-located apartment, comfortable, and also included a delicious breakfast with her company, full of good stories",8
13937802,2017-02-19T05:00:00Z,"This was a very cozy apartment, close to the metro, bars, and restaurants. The host was an excellent person – attentive and open to conversation. I only stayed a short time but really enjoyed the experience. I highly recommend it",8
13937802,2017-02-27T05:00:00Z,"Conceio is a really helpful and kind lady, she helped us with what we needed, gave us advice on where to go and what to bear in mind when traveling and exploring Rio de Janeiro. It was a pleasant stay, the place is close to the metro station, restaurants and stores and an alley with flower stores. 
The breakfast at her place is nice, great opportunity to talk and exchange life experiences :) 
We really enjoyed staying at her place and would stay there again",8
13937802,2017-03-01T05:00:00Z,"Conceio was attentive to us and always willing to give us instructions about the city.

The apartment is lovely, always clean, and located in a middle-class area with many shops nearby, which makes it safe (there’s always someone around).

The best thing is that it’s less than 200m from the metro, and with it you can reach the beaches in 30 minutes",8
13937802,2017-03-04T05:00:00Z,"The apartment, which Conceio has, is in a great location, clean and very organized. Furthermore, she was very accommodating",8
13937802,2017-03-10T05:00:00Z,"I stayed five days at Dona Conceição’s house and it was great! The location was good, close to the market, shopping center, snack bars, bus stop, and metro. The apartment was clean and well-organized. Dona Conceição might seem a little grumpy at the beginning, but she’s a sweetheart! She was always concerned about my comfort and made me feel very welcome. I loved my stay and I recommend it",8
13937802,2017-03-26T04:00:00Z,The stay was great; everything was very clean and organized. Conceio is a wonderful person and treated us exceptionally well,8
13937802,2017-09-18T04:00:00Z,"The host, Ana, was excellent. She was very communicative, friendly, and always willing to help. The apartment was very nice, clean, and cozy. It had a great location, close to the metro, shopping centers, bars, and was very safe.

We were very warmly welcomed and we will definitely return",1
13937802,2017-09-20T04:00:00Z,"Excellent apartment, we felt very comfortable staying there and Señora Concepcion was a lovely person",8
13937802,2017-09-25T04:00:00Z,We had a good stay,5
13937802,2017-11-20T05:00:00Z,"A Conceio was like a gem! She made me feel very comfortable and was incredibly communicative and kind-hearted. As a true Carioca (a genuine local), she offered fantastic tourism tips. The apartment was beautiful and incredibly well-maintained. I highly recommend it",9
13937802,2017-12-25T05:00:00Z,Very satisfied,5
13937802,2017-12-29T05:00:00Z,"I can say the best about Dona Conceição, a wonderful person, a host of the highest quality – extremely polite, attentive, a lovely apartment, and the apartment is very beautiful.

I highly recommend it",8
13937802,2018-01-01T05:00:00Z,"Okay, I’ll be very concise – if I could, I would live with Conceição, the best person imaginable, I fell in love, I gained a super friend",1
13937802,2018-01-21T05:00:00Z,"The host, Dona Conceio, was very welcoming, warm, and hospitable. My boyfriend and I felt at home. The shower in the bathroom was wonderful – a real bonus, especially after a day at the beach",8
13937802,2018-01-25T05:00:00Z,"Dona Conceição was a fantastic host. We exchanged many ideas and experiences, and her wisdom and objectivity were truly admirable. The apartment was a little warm, which is unavoidable in Rio during the summer, but the fan in the room worked very well. We prepared some meals together, and Dona Conceição always made an effort to supplement my dishes with something – she makes a delicious zucchini in the pan). I found the bed a little uncomfortable, but nothing too serious. The room and bathroom have good space and are perfectly suitable for one person for a few days",8
13937802,2018-02-13T05:00:00Z,"Dona Conceicao is an excellent host, the room was very tidy, and there was a private bathroom for the guest",8
13937802,2018-03-04T05:00:00Z,Hidden by Airbnb,1
13937802,2018-03-22T04:00:00Z,Central neighborhood,4
13937802,2018-03-26T04:00:00Z,"Everything was perfect. The photos and information matched the listing, I was able to communicate with Conceição whenever I needed, I was treated very well, the room was comfortable, the house was clean and organized. I recommend staying at Conceição’s place. The benefit outweighs the cost",1
13937802,2018-04-16T04:00:00Z,Lovely atmosphere!!! Great location,6
13937802,2018-05-29T04:00:00Z,"Concepcin is a very well-prepared host who makes her guests feel happy and content – she’s incredibly cultured, and the apartment is beautiful and modern, truly charming. As she said, I highly recommend her to anyone coming to Rio de Janeiro. The apartment has television, Wi-Fi, and everything you could possibly need, and she’s extremely kind and attentive. I’d give her a 15 out of 10. Thank you so much, Concepcin",1
13937802,2018-09-17T04:00:00Z,"Hey, Conceio. I want to thank you for your excellent hospitality. Everything was perfect",6
13937802,2018-09-24T04:00:00Z,"It was a wonderful localization! The apartment is as beautiful as it appears in the photos, and I highly recommend that the host include the information that the bathroom is located in the kitchen, a bit away from the bedroom. Perhaps a key for the bedroom could also be provided. Otherwise, I have nothing to say – I spoke extensively with Conceição, who gave me precise directions for getting around the neighborhood. I’m rooting for Conceição and hoping God illuminates her heart and brings the approval of her grandson. Thank you for your hospitality, dear",6
13937802,2018-11-04T04:00:00Z,Timo's place and Timo the host were terrible,1
13937802,2018-12-03T05:00:00Z,"Malhavilhosa! A host is a lovely, well-lived-in woman, the accommodation is comfortable and clean. Dona Conceição also makes a very good coffee; it’s definitely worth staying there",6
13937802,2019-01-27T05:00:00Z,"I have nothing to complain about; it was a great experience, everything was perfect! Dona Conceição was lovely",8
13940779,2017-01-14T05:00:00Z,The host canceled this reservation 37 days before arrival. This is an automated posting,1
13906039,2016-08-14T04:00:00Z,The location close to the beach is amazing! the breakfast is really good,6
13906039,2017-02-11T05:00:00Z,A conseiller,1
13906039,2017-09-24T04:00:00Z,"We were very warmly welcomed and will definitely return again, the location is great, the environment is quiet and the staff are attentive",8
13906039,2017-10-14T04:00:00Z,"This place is lovely – you really feel at home here! Besides being very close to the beach and having all kinds of shops nearby, what I really liked was the friendliness of the hostel… The common areas (the lounge and kitchen) encourage people to chat and get to know each other. Also, the host and his son were very attentive and polite. I’ll definitely return again for sure",7
13906039,2017-11-05T04:00:00Z,This was a great location. The host was communicative. We wouldn’t hesitate to return again,6
1408997,2018-02-14T05:00:00Z,"It feels like home. A cozy place with everything you need – a delicious shower, super comfortable bedding, a quiet street, and still close to the metro. The air conditioning cools perfectly. The hosts’ hospitality was a bonus, as they were wonderful and incredibly attentive! I highly recommend it without hesitation",1
13949781,2017-01-16T05:00:00Z,"The host was fantastic. Marilda, your kindness and hospitality were essential. We are very grateful for everything. The building staff were attentive and friendly; the apartment was very clean and as described. We have nothing to complain about, and, God willing, we will be back soon",9
13949781,2017-03-25T04:00:00Z,"The stay in this appartment was very comfortable, the flat was clean and we have found everything what we needed. The communication was perfect, even with doorman who does not speak any English :) The only little negative point was late check-in, so we needed to pay extra money if we wanted to come at early afternoon. But we knew it in advance, so everything was fully clear",8
1410460,2015-06-08T04:00:00Z,"This apartment is very pleasant and spacious, in a really good location in Rio. We will definitely return",8
1427233,2017-03-05T05:00:00Z,"Mayra was a wonderful host! She was very responsive and always easy to communicate with! The apartment was exactly as it appeared in the photos. It’s in an excellent location, a quiet building, and we could also count on the help of the doorman Bill, who was always very polite! We hope to return there next year",9
14253379,2016-08-14T04:00:00Z,"Andrea was incredibly attentive and nice. She was a fantastic host. The room met my expectations and was excellently located for visiting the Olympic Park in Barra. It was lacking a curtain for the window, which would have allowed me to sleep a little later",8
14253379,2017-09-24T04:00:00Z,"She was very attentive and helpful, providing towels and toiletries even though there was no obligation to use them. Thank you for everything",8
14295981,2018-01-03T05:00:00Z,"We loved the apartment and the condominium. It was a really great experience. Carlos was incredibly helpful, providing support whenever we needed it. The condominium was also really nice – it felt like a family environment. It was fantastic",8
14330134,2016-08-06T04:00:00Z,The host canceled this reservation 7 days before arrival. This is an automated posting,1
14741201,2017-07-27T04:00:00Z,"Ana’s apartment is a very comfortable apartment in a prime area like Ipanema, just one block from the beach. It’s located in an accessible area near supermarkets and restaurants, making it suitable for extended family stays. However, the apartment lacks certain amenities, such as enough cutlery and glasses, as described in the listing supposedly for eight people. These are minor issues that wouldn’t represent a significant cost for the owner. Furthermore, while the apartment isn’t dirty, the cleanliness could be improved, particularly underneath the beds and linens",6
14741201,2017-09-19T04:00:00Z,"It’s a rather cramped apartment, but in an excellent location, close to restaurants, supermarkets, pharmacies, and a bank. It’s quiet to walk around in the streets, and there’s also good public transport very nearby. I recommend it to everyone",8
14741201,2018-02-05T05:00:00Z,"The apartment owned by Ana has a very good location. It’s spacious and comfortable, particularly the living room. It’s managed by a temporary rental company (Ipanema Flats), and Ana responds quickly to inquiries, but the direct contact is through a caretaker. Upon arrival, one of the air conditioners wasn’t working, and we informed the caretaker who initially didn’t recognize the defect. We wrote to Ana and the other day, the air conditioner was replaced satisfactorily and we had no further problems. Generally, the apartment is in good condition, although it has details that could be improved: the bathroom, in relation to the reference photo, is somewhat worn from use (on the floor, the furniture, and the bathroom tiles), and better availability of tableware and kitchen utensils would be desirable; one of the bedroom doors doesn’t close properly, and in the other, there’s a repair on the wall that doesn’t have paint. The television and Wi-Fi worked without problems (although one of the photos shows a television in the bedroom, and it’s actually in the dining room). The building, although old, is in very good condition, and the doormen’s attention is impeccable and always very friendly. Beyond all these details",6
14741201,2018-03-23T04:00:00Z,"For anyone looking to spend quality time with friends or family, deciding on this type of accommodation was undoubtedly the best choice. It doesn’t need to be mentioned that the apartment has everything you need; it’s cozy and well-decorated, beautiful, and the location is fantastic. I would definitely return to stay there again, and I recommend it",8
14741201,2018-05-05T04:00:00Z,"This is a beautiful apartment to stay in that incredible city. It’s close to the beaches, supermarkets, businesses, and points of interest",8
14741201,2018-12-05T05:00:00Z,The apartment is very well-located and the host’s attention was impeccable. Thank you very much,8
14439217,2017-01-04T05:00:00Z,"It was good, with everything we needed for our stay. Because it was in a very hot city, we missed having air conditioning in the living room. The rooms have air conditioning units that work very well. We had a small problem with the refrigerator, but that was resolved afterward. Overall, the stay was satisfactory",7
14439217,2017-09-25T04:00:00Z,This place was amazing! The experience was fantastic and Fernanda’s apartment was incredible! I’ll recommend it to all my friends in Recife,8
14439217,2017-12-18T05:00:00Z,The host canceled this reservation 11 days before arrival. This is an automated posting,1
14728150,2016-12-30T05:00:00Z,"The host made me feel very welcome due to their immediate responses via both the Airbnb website and WhatsApp. I never felt cut off or without communication. As soon as I arrived, I asked if I could leave my car in a garage, and they searched for a parking space. When they couldn’t find one, they let my car sleep on the street so that it would be in the garage. I appreciate that! The offer was for a private room, but they let me use the entire house – the living room, kitchen, and bedroom with air conditioning – along with the Wi-Fi password. It far exceeded my expectations",1
14728150,2017-02-01T05:00:00Z,"The apartment was clean and well-organized, and it was very well-equipped with a kitchen and service area, cable TV, functional Wi-Fi, an air-conditioned room, and good privacy. The location was safe and quiet, with a nearby market and secure street parking. I stayed for 10 days without any issues or inconvenience. I recommend it",9
14728150,2017-02-28T05:00:00Z,Pleasant place and a helpful host,6
14728150,2017-03-13T04:00:00Z,"The space has all the necessary utensils for a comfortable stay. Hosts Igor and Tas were incredibly welcoming and hospitable; I never had any difficulties with communication. My boyfriend and I had a problem with our cell phone and they helped us a lot trying to resolve it! Fair price, accommodation close to the metro station, restaurants, fast-foods, pharmacies and supermarkets! Nothing to complain about. I recommend it",8
14522482,2019-01-02T05:00:00Z,"The apartment is well-located, but it’s very small and old. The elevator doesn’t fit even two suitcases. The space is full of steps (it wasn’t practical at all when I went with a baby",4
14744918,2017-02-28T05:00:00Z,"The apartment is fantastic; it’s brand new and has everything you need. The location is the strong point – it’s on the corner of the avenue, which has all the shops, and it’s two blocks from the beach",8
14744918,2017-09-06T04:00:00Z,The host canceled this reservation 17 days before arrival. This is an automated posting,1
14744918,2018-01-25T05:00:00Z,Lots of hospitality,4
14744918,2018-02-15T05:00:00Z,"Great stay, the place was very well organized and the host was friendly and very pleasant. I highly recommend it",8
14744918,2018-03-19T04:00:00Z,"The location is excellent, a functional apartment on a very quiet street. It’s close to everything and comfortable",8
14744918,2018-07-08T04:00:00Z,"My husband and I stayed 1 night in Bianca’s apartment. The space was great, new, and true to what is shown in the photos. The location was very clean and excellent! The experience exceeded our expectations! I recommend it",8
14744918,2018-07-21T04:00:00Z,The host canceled this reservation 223 days before arrival. This is an automated posting,1
14744918,2018-10-14T04:00:00Z,"some improvements to do with the cleanliness but the apartment is quite good, the bed is confortable, and its very good located! we enjoyed the stay",6
14744918,2018-11-09T05:00:00Z,The host canceled this reservation 21 days before arrival. This is an automated posting,1
14744918,2018-11-21T05:00:00Z,Cozy and clean,8
14744918,2019-01-01T05:00:00Z,"Excellent place to stay; the location, the apartment, and the host’s attention were all very good",8
14744918,2019-01-07T05:00:00Z,The space is cozy. I loved my stay. It was very organized and clean. There were many details that made the space very charming and comfortable. The location was also excellent. I would definitely return,9
14744918,2019-01-17T05:00:00Z,"The apartment has 24-hour security, and it’s two blocks from Copacabana beach, as well as restaurants for eating and drinking, and bars with live music. The metro is about five blocks away.

We found it very clean and even more beautiful than the photos suggested. It was very comfortable and fully equipped for two people",8
14744918,2019-02-03T05:00:00Z,"Excellent location – it’s even nicer than the photos show, super modern and comfortable. The only thing missing was an oven or something besides the burners for cooking",8
14992196,2019-01-13T05:00:00Z,This large apartment is incredibly cozy,6
14968004,2017-09-17T04:00:00Z,"Mere was a fantastic host! She was very cordial and attentive to details when welcoming us. Everything was clean and organized. It’s a very well-planned and cozy apartment – perfect for families! The leisure area is complete and ideal for children! We were very well accommodated! I’m super satisfied! Thanks, Mere",9
14968004,2018-01-27T05:00:00Z,"He is a very kind and reliable person. I want to highlight the security and administrative staff at the Ro2 Complex where the apartment is located.

Anyone renting this apartment would feel comfortable, relaxed, and fundamentally safe. My family enjoyed the gym, pool, and all the amenities of the complex. I consider it essential to have a car to get to the beaches, as it’s a bit far from them. The kitchen is very complete and comfortable, and the showers are truly enviable. It’s a pleasure to bathe in them.

The toilet has Faltara bidematic controls, which is unbelievable – in Brazil, bidets aren’t used at all. It’s essential for Argentinians",8
14968004,2018-02-04T05:00:00Z,"Lovely apartment, a little far out, spacious enough for 5 or 6 people. A very nice center is nearby and well-stocked",6
14968004,2018-02-26T05:00:00Z,"This isn’t Barra da Tijuca; it’s Jacarepagua, which is much further away and feels quite rundown. The beach is over 9 kilometers away, and the river center is 21 kilometers. The apartment is spacious, but it lacks amenities, as well as charging you for electricity (and it’s expensive). The air conditioning units are old and consume a huge amount of power, and there’s only a small fan. Be aware that if you go, you should have your own car and ask for authorization for everything because if you don’t find out about things as you go along, you might lose days of enjoyment (e.g., the gym, access to all the keys, two sets of keys, all the channels on the TV",2
14968004,2018-09-23T04:00:00Z,"We loved our stay; everything was perfect. The condominium had excellent infrastructure, the apartment was very clean and was perfect for families.  Mr. Mere welcomed us very well and was attentive in everything",1
15015363,2017-09-11T04:00:00Z,"Thank you very much, Vera. The apartment is very well-equipped and has a really lovely decoration. It’s bright, well-located, and we were very comfortable",8
15015363,2017-09-25T04:00:00Z,This apartment was beautiful just as pictured and very well-located. Vera was fantastic and met all of our needs; I loved the stay and I plan to return many times,8
15015363,2017-12-21T05:00:00Z,"The location is great, spacious and charming. It’s very well-located. The host was very attentive, and the stay was excellent",8
15015363,2018-01-02T05:00:00Z,"Vera and her husband are very kind people. The service provided by the condominium was wonderful, especially the leisure amenities (pool, beach service, saunas, staff, etc.), but we were unlucky because exactly during the week we stayed, the air conditioning wasn’t working properly and wasn’t cooling as it should. The refrigerator also stopped functioning. Two other points that the hosts could review are: the apartment is on a high floor and there’s a lot of wind, and the balcony door (even with a piece that helps to reduce the noise) makes a lot of noise – it disturbs sleep. We stayed for a week and we thought that at least a cleaning every three days would be healthy for a beach apartment stay",6
15015363,2018-01-13T05:00:00Z,It’s an incredible apartment with all the details and very good taste. Excellent location. We loved spending the holidays in this place,8
15015363,2018-01-28T05:00:00Z,Everything has been excellent,8
15015363,2018-02-07T05:00:00Z,"The Ver apartment is a dream!!! All the details are carefully attended to, the decor is fabulous, the building has many amenities with a prime location and beach service. The most lovely and enjoyable thing is the apartment, which will make you feel right at home! Ver has a great taste for decor and welcomes her guests in an extraordinary way. Thank you very much, Vera! We’ll be back! If your destination is Barra, don’t hesitate to rent Ver’s apartment in Barra Leme! It’s a must-see",9
15015363,2018-02-14T05:00:00Z,"Vera was a fantastic host. The apartment was wonderful, incredibly cozy, and in a superb location. I loved it and hope to return soon",8
15015363,2018-08-06T04:00:00Z,"The apartment is beautiful; it’s much bigger than it appears in the photos. The view is incredible and the location is also fantastic – it’s close to the gastronomic area and right on the beach. They provide you with a beach umbrella and loungers. The apartment has everything you need to cook, even an ice cream maker for the beach.

We would definitely return. Thank you for everything",9
15015363,2018-09-08T04:00:00Z,"Thank you, Vera. The apartment is beautiful. It has everything you could possibly need. It’s very lovely and comfortable to stay in and cook in. It’s great to have chairs and an umbrella for the beach. Thank you, and we’ll be back",8
15015363,2018-10-05T04:00:00Z,"Our stay was more than excellent. The apartment is actually more comfortable than it appears in the photos, it’s very clean, it’s right on the beach where you can order loungers and umbrellas, and it’s just 4 blocks from where all the action is. Vera was wonderful with our requests. She was super flexible and always wanting to help.

This was our first beach trip with our 1-year-and-5-month-old daughter. It couldn’t have been better. Thank you, Vera",1
15015363,2018-10-14T04:00:00Z,"I highly recommend it! It’s very well-located, the building staff is very well-prepared and receptive, we loved it and we already want to return",8
15015363,2018-10-19T04:00:00Z,Excellent apartment for one person or a couple. It’s very well-located in a building facing the beach and close to the shops in Olegário. Vera was very prompt,8
15015363,2018-11-04T04:00:00Z,"This apartment is incredible, superbly equipped, with impeccable decor, it’s very quiet and close to everything. Vera is a fantastic host",1
15015363,2018-12-05T05:00:00Z,"Vera is a great host. Hand on, making sure everything is perfect in the apartment. House is very clean, everything you need in the kitchen. Fantastic view.  Easy access to everything (beach, supermarkets, mall and restaurants). Highly recommend. You wont regret booking her place. Hope to comeback again there",9
15015363,2018-12-09T05:00:00Z,"Excellent apartment! It’s stylish, has incredible views, is well-located, and the communication with the host was great! Everything was working perfectly – a thousand stars",9
15015363,2018-12-18T05:00:00Z,"Vera’s accommodation is excellent; we had wonderful days in Rio and I highly recommend it, as does she as a host. The apartment is very comfortable and excellently located. We were very happy with our stay",8
15015363,2019-01-01T05:00:00Z,"I’m writing with satisfaction about Vera’s apartment.

It was unexpectedly meticulous and full of care – a truly impressive level of attention to detail.

Vera is an artist, and her art is scattered throughout the house, making the environment cozy, colorful, and modern.

The apartment is equipped and clean.

Cold food, a cold water filter, coffee, jam, etc., and cleaning supplies!

Excellent location and stunning view!

We will definitely return!

We’ll definitely recommend it to our friends!

Thank you very much for the days provided and see you soon.

Please provide the review you want me to translate. I need the text of the review to be able to fulfill your request.

Família de Assis Carmo",9
15015363,2019-01-06T05:00:00Z,"The loft is very well-located, extremely secure, and charming as well.

Vera was very attentive and was always available to answer questions… However, I thought it was a bit cramped for four people because the sofa bed was a little small, but it was just a minor detail; we slept well, and the view from the balcony was beautiful, apart from the décor of the place, which was super stylish. I would definitely return",8
15015363,2019-01-27T05:00:00Z,It’s a small apartment but very well-equipped and I really liked it. It’s located in what I consider to be the best area of Barra da Tijuca,8
15015363,2019-01-31T05:00:00Z,I won't regret it,2
15015363,2019-02-04T05:00:00Z,"The space at Vera is exactly as the photos show! It’s charming, cozy, clean, and well-equipped. Vera guided us through every step and was available for anything we needed.

The apartment is very well-equipped, and we didn’t have any difficulty preparing our meals. The condominium is also lovely and the location is really nice, very close to Olegário Pantoja. We had great days and we certainly will return soon",1
15113580,2018-12-30T05:00:00Z,"This place is the perfect starting point to enjoy everything the Rio de Janeiro has to offer!!!

Excellent location and good use of the interior space",8
14996051,2019-01-26T05:00:00Z,After reading all the great reviews about this place we weren,1
15073600,2017-01-04T05:00:00Z,"We loved our stay at Luz’s apartment! It was well-located, clean, tidy, and had a magnificent view! Luz and her husband were perfect hosts! They were friendly, communicative, and very available",9
15073600,2017-03-02T05:00:00Z,"When I arrived, the apartment was impeccably clean! Luz was very welcoming, and I felt at home within just a few minutes. The place is very close to the metro (about a block away) and is also close to both the city center and the southern zone. It has a wonderful view and lots of cool things around – restaurants, a cinema, markets, bakeries, and pharmacies. It was a pleasure to stay there and I hope to return",9
15073600,2017-07-10T04:00:00Z,The accommodation was incredible! The view was stunning!! Luz was very attentive and provided us with all the necessary support from the beginning to the end – she was absolutely certain. We will definitely return,8
15073600,2018-01-01T05:00:00Z,"The space is simply unforgettable and magical. The view through the window complements the space which comfortably accommodated my wife and I. The neighborhood is incredibly quiet. Luz was extremely attentive, helpful, and special. I recommend it 1000 times",1
15073600,2018-02-16T05:00:00Z,I highly recommend staying here. The view is amazing and the air conditioner works great which was very important for me. The apartment is extremely clean and is in a good location. The owners are very nice people,9
15073600,2019-01-02T05:00:00Z,"This pleasant apartment is well-located and in a very nice neighborhood. The view is exceptional, the air conditioning works very well, and the baby bed is useful for those traveling with a very young child",8
14960783,2017-02-28T05:00:00Z,"Good location.

Excellent stay.

Very welcoming.

We loved our stay and will return soon",6
14960783,2017-06-10T04:00:00Z,The host canceled this reservation 200 days before arrival. This is an automated posting,1
14960783,2017-06-19T04:00:00Z,"The apartment was fantastic, very cozy and spacious. We were three people and it was more than enough. The location was incredible – there were bakeries, grocery stores, bars, a shopping mall, and buses nearby. Iohanna wasn’t in the city at the time, but her mother welcomed us very well; she was super attentive and lovely. I recommend it and would definitely stay there again on a future trip to Rio",9
14960783,2017-09-14T04:00:00Z,"The apartment was very good. It’s located on a super quiet street, very close to (3 streets) from the metro station.

Super high-quality photos in the app. The kitchen is well-equipped.

The trip was with Iohanna’s mother, Dona Neusa, who was very helpful and attentive",8
14960783,2017-09-18T04:00:00Z,I loved the location – the apartment was clean and organized,8
14960783,2017-11-21T05:00:00Z,Very nice place,5
14960783,2017-11-27T05:00:00Z,"The apartment was exactly as it appeared in the photos. The air conditioning was only in the bedroom, but it was sufficient for us to have a pleasant stay. The check-in and check-out were quiet and without any problems. It’s a quiet street with shops, bars, and restaurants nearby. A high point is the ease of access for travelling to the main tourist attractions of (Website hidden by Airbnb) – we’re certain we’ll return again",8
14960783,2018-02-14T05:00:00Z,"The highlights of this apartment are the spacious and delightful balcony and the location! Everything is within walking distance, including Carnival blocks, a market, a bar, a bakery, and a 24-hour bank. The shower is lovely, the utensils are sufficient, and the area is safe. Iohanna was incredibly responsive, helping us with whatever we needed and always answering messages quickly! We definitely recommend this apartment to anyone wanting to stay in Rio, in a cozy and very well-located environment",9
15097549,2016-10-09T04:00:00Z,"A top city like rio deserves a top apartment like this !
Everything was great...
Shops ,metro,restaurant,beach sorround you...
In the hearth of copacabana...
I d like to spend some words for thiago ,our host ,everytime helpfull and nice with us...
Next time in rio will be of course here again",8
15097549,2016-10-18T04:00:00Z,"The owner was waiting for us when we arrived. He is very kind and speaks english very well. The house and furniture is new and very clean. Everything we needed was provided. The location is perfect, two minutes walk from copacabana beach and the metro. The secured entrance gives a comfortable feeling. We enjoyed our stay very much! I would definitely recommend this airbnb apartment",9
15097549,2017-04-15T04:00:00Z,"I would like to thank Deborah and Thiago for their cordial service and kindness. We absolutely loved our stay; it was perfect! The apartment was excellent, very well-furnished, with everything we needed, clean, cozy, and superbly located! We will certainly return on a future occasion and will spread the word",1
15097549,2017-08-27T04:00:00Z,"The apartment was clean, comfortable, well-organized, and equipped. The location was excellent, close to the beach and in the heart of Copacabana. Thiago was very friendly at all times. We recommend it",9
15097549,2017-09-25T04:00:00Z,"This is a great apartment. The location is incredible and safe. The apartment is completely new, with air conditioning, cable TV, internet – everything is as it should be. A fantastic option for staying in Copacabana",8
15097549,2017-10-24T04:00:00Z,"Great location, the apartment was in good condition, as shown in the photos",8
15097549,2018-01-06T05:00:00Z,"Recommended for families, the property matches what you find upon arrival. The apartment is located on a street with several restaurants and shops for food, and it’s just 200 meters from Copacabana beach. Thiago is an excellent and very friendly host",8
15097549,2018-01-30T05:00:00Z,"I highly recommend Thiago’s apartment. It’s in a good location, the apartment is comfortable…",6
15097549,2018-05-06T04:00:00Z,"This was my first time renting an apartment through Airbnb. It was essentially a test run. We were three adults and one child. The apartment was as expected, although some of the amenities hadn’t even been previously mentioned. The building has very strict security, which is a plus considering the Rio de Janeiro area. It’s close to good and inexpensive restaurants, and there’s a bakery about 150 meters from the building that’s fantastic. There’s also a supermarket and pharmacy nearby. They provided two beach chairs and an umbrella. Everything was perfect in terms of check-in and check-out. In terms of cost versus benefit, it was ideal for us, as we could have gotten two rooms at an equivalent hotel, but for paying much more. If we return to Copacabana, it will be a reference to consider",8
15097549,2018-08-20T04:00:00Z,"The apartment by Thiago was really very good. Everything was brand new, very clean and tidy, especially prepared to welcome guests. I highly recommend it 100",8
15097549,2018-09-12T04:00:00Z,"We really liked the apartment; it met all of our needs.

It was clean and well-organized, with the internet and television working well.

It’s right next to everything – the beach, restaurants, bakeries, etc.

I highly recommend this apartment",8
15097549,2019-01-19T05:00:00Z,"Great apartment! Very clean, fresh and comfortable",8
15126808,2018-12-13T05:00:00Z,Good value for the price,6
15207920,2017-02-14T05:00:00Z,"Excellent apartment. Excellent location. The service was excellent, thanks to Mauricio and his wife Adriana. A beautiful basket of fruit awaited us upon arrival, as well as cans of soda and mineral water to refresh ourselves after our trip. Adriana and Mauricio welcomed us with their kindness, explaining everything we needed for our stay. Adriana speaks perfect English, which completely facilitated communication. The apartment is in the best location in Barra, right across from the beach and just 5 minutes by car from the shopping centers. Walking distance offers a wide variety of gastronomic options and a supermarket to buy everything needed for the stay. The apartment is fully equipped for 4 people and we really enjoyed it. All we have left are words of gratitude and we will definitely return",1
15207920,2017-10-19T04:00:00Z,"Everything was perfect, it’s always a pleasure to stay at Mauricio’s apartment. Many thanks",8
15248025,2017-02-27T05:00:00Z,"Igor was a good host. The apartment was spacious and comfortable, and immaculate with a great shower. The location was perfect: one block from the metro, two blocks from Ipanema Beach, and three blocks from Copacabana Beach",9
15248025,2017-09-25T04:00:00Z,"A wonderful stay in the heart of Ipanema, with an excellent location. Igor was very communicative and willing to help! The room was great, with an excellent shower. And we can’t forget the wonderful family who welcomed us so warmly! We’ll definitely return soon",8
15248025,2018-01-03T05:00:00Z,"Excellent location, just two blocks from Ipanema Beach. Igor and his family were very pleasant and made us feel very comfortable",8
15248025,2018-02-18T05:00:00Z,"Our stay with Igor and his family was fantastic! They are so lovely and made us feel right at home. We were meant to stay one week and ended up staying three! Great location, close to both Ipanema and Copacobana, food, transport and more!! We wish we could stay longer",8
15248025,2018-11-13T05:00:00Z,The host canceled this reservation 110 days before arrival. This is an automated posting,1
15248025,2018-11-13T05:00:00Z,The host canceled this reservation 46 days before arrival. This is an automated posting,1
15177216,2019-01-28T05:00:00Z,Excellent and highly recommended place. Very comfortable,6
15058677,2016-11-10T05:00:00Z,"My parents stayed at Casa do Cesar and loved it! The apartment was always clean, very well-located (close to the metro), and Cesar was a great host. He contacted them before their reservation and during their stay, he was a wonderful companion! They are already making plans to return",9
15058677,2016-11-15T05:00:00Z,"I loved the stay. It was exactly as planned and even better. The proximity to the metro was fantastic, the room was super lovely and I felt really well in the apartment. César was extremely helpful and very understanding and friendly. He made our lives much easier. We would definitely consider staying here again",9
15058677,2016-11-28T05:00:00Z,"Cesar is a very nice host from Rio de Janeiro, who lives in a comfortable and clean place. He helps with whatever you need. (Website hidden by Airbnb",8
15058677,2016-12-04T05:00:00Z,"Cesar was always very attentive throughout our stay. The description and location are exactly as advertised, and we thank him for his attention and recommend him.

Please provide the review you want me to translate. I need the original text to fulfill your request.

Clio",8
15058677,2017-03-05T05:00:00Z,"Our stay was excellent; the apartment was beautiful, clean, and very well-located in a safe neighborhood, just two blocks from the metro. Upon arrival, César wasn’t home, but his granddaughter received us, and both were very pleasant. Highly recommended",9
15058677,2019-01-03T05:00:00Z,"The accommodation is very centrally located, close to everything, with easy connectivity (metro and buses), supermarkets, and pharmacies nearby",8
15058677,2019-02-01T05:00:00Z,The host was attentive and responded quickly. The room I stayed in had everything I needed,8
15158785,2016-12-13T05:00:00Z,The host canceled this reservation 23 days before arrival. This is an automated posting,1
15158785,2017-01-02T05:00:00Z,Nice location and we had good contact with Ricardo,6
1530241,2019-01-16T05:00:00Z,Giovanna is a wonderful host. She’s always willing to help and offers quick responses. The apartment is exactly as it appears in the photos. It’s close to many shops and restaurants and just one block from the beach. The apartment has 24-hour security and the doormen are very friendly. We are very satisfied,8
15603491,2019-02-03T05:00:00Z,"The apartment was very well-maintained and cozy. It was incredibly hot in Rio de Janeiro, but the air conditioning meant we didn’t even notice it. The hotel is incredible and has a wonderful pool. We had an incredible weekend that wouldn’t have been possible without Jorge’s excellent hospitality. We hope to return soon",8
1574416,2019-01-22T05:00:00Z,"That’s great! It’s very well-located, nicely decorated, and the host was really friendly",6
15731780,2017-01-08T05:00:00Z,"Carla is an incredible person – enthusiastic and attentive.

They greeted us extremely warmly and were very kind throughout the entire period.

Regarding the location, the apartment and condominium are small, well-equipped, and conveniently located (close to the beach, restaurants, bars, shopping centers, etc.). To help with daily life, Carla provides a list with various tips and local spots in the city and region, so you can make the most of your stay.

Returning to Rio, it’s the first option for me to stay",1
15908244,2019-01-25T05:00:00Z,The host canceled this reservation 35 days before arrival. This is an automated posting,1
1593570,2018-11-30T05:00:00Z,"Alexandre was an excellent host; he welcomed us very well and was very attentive throughout our stay, always available. The space was very cozy and exactly as described. The location was wonderful – the street and surrounding area were practically 24 hours busy, with a bus stop on the side street just a few steps away. Furthermore, it was close to Lapa, where the entrance to excursions to Arraial, Búzios, Angra and Petrópolis is located; you can walk there and back calmly. Overall, everything was perfect. We recommend the stay",9
16112187,2019-01-17T05:00:00Z,"Alm do Marcelo was incredibly accommodating; his space is even better than the photos show! The apartment is very well-designed and everything is top-notch. It was super modern and beautiful and comfortably accommodated my family – two adults and two children. Besides being just two blocks from the beach and very centrally located with many restaurants and shops nearby, I loved it, I recommend it, and I will definitely return",9
16336615,2019-01-04T05:00:00Z,"An excellent location, a very safe place and within walking distance of everywhere. The apartment is very comfortable. Elisabeth is a spectacular host, attentive to all the details",8
1637159,2014-07-01T04:00:00Z,"Chad and ricardo were very nice and helpful. They were always available for anything we needed on the apartment or Rio. The apartment was anaizing, the cleaning ladies were very nice and left the place impecable. The location was perfect for the world cup ( right in front of the beach) great place to stay in rio really recomend it",9
16379687,2017-12-17T05:00:00Z,The host canceled this reservation 11 days before arrival. This is an automated posting,1
16402511,2018-10-30T04:00:00Z,The host canceled this reservation 122 days before arrival. This is an automated posting,1
1661373,2019-01-01T05:00:00Z,"The apartment was conveniently located and met our expectations. Furthermore, the security and quality were also very pleasing. The only reservation we have is that both televisions only picked up one channel (Globo). We were traveling with my father and mother, who are elderly, and the television is an essential distraction for them. Although Gustavo responded to our messages and offered to have someone go to the apartment to check it out, nothing was done. This was the only negative point, and despite appearing simple, it wouldn’t make me return there with my parents",6
16765282,2017-02-20T05:00:00Z,"The location is unbeatable, just meters from Copacabana Beach, on the same street as the Cantagalo metro station – very accessible by all means of transport. Celia was very kind to us and we haven’t had any problems whatsoever. I recommend this place",8
16765282,2019-01-06T05:00:00Z,"Celi es excelente, estuvimos muy a gusto en su departamento. La ubicación es inmejorable",6
16686102,2017-04-19T04:00:00Z,The host canceled this reservation 3 days before arrival. This is an automated posting,1
16686102,2017-05-07T04:00:00Z,"The apartment has a perfect location, right on the beach with a spectacular view. Alexandre was waiting the whole time",8
16686102,2018-07-24T04:00:00Z,"Excellent accommodation. Alexander’s treatment was exemplary. We had arrived from Europe – it was tiring, and we had one of the best experiences in Rio. We love that city. Thank you, Alexander and Team",8
1677735,2017-03-27T04:00:00Z,"Located near some of the best bars and restaurants in Leblon. However, the apartment was filthy – with a strong musty odor and lots of dirt. The photos are accurate, but they were taken in a way that doesn’t reflect the current state of the property. The air conditioning units need to be cleaned. The bed linens and towels need to be changed. No one can speak to Elaine, only with a young man, Gianluca, who claims to be her husband",2
17124591,2019-02-09T05:00:00Z,"The apartment has an excellent location, very close to the metro and bus stations for getting to the main tourist attractions or the beach. There’s a lot of shopping nearby. The apartment has all the amenities for a good stay. The host was very friendly. 100% recommended",9
17164830,2019-01-06T05:00:00Z,"This was a very pleasant apartment, at Casaíra Dona Nina, who was a true sweetheart and incredibly hospitable. The property is very well-located, in the heart of Santa Teresa, just 4 minutes by car to the Gloria metro station, with a bus stop right at the apartment that goes to the Carioca metro, or a 20-minute walk to the Gloria metro. There are many bars and pubs on the street, and the area is very busy at night, so you can relax on the balcony with a beer and enjoy the atmosphere. I definitely recommend it",8
17230426,2017-03-30T04:00:00Z,"Maria was excellent! She was very attentive, helpful, kind, and 100% trustworthy",8
17230426,2017-05-27T04:00:00Z,The host canceled this reservation 45 days before arrival. This is an automated posting,1
17149906,2017-12-22T05:00:00Z,Leonardo was a great host. Easy to talk to and quick with responses. It’s a good option for anyone who wants to spend time in Rio de Janeiro,8
17149906,2018-02-23T05:00:00Z,It has great potential,3
17149906,2019-01-03T05:00:00Z,"The Timo apartment and Leonardo and his brother Jorge were very nice. The apartment is a great space for families, and the condominium complex is also very well-equipped. I highly recommend it",8
17254547,2018-12-14T05:00:00Z,The host canceled this reservation 15 days before arrival. This is an automated posting,1
17584991,2019-01-02T05:00:00Z,"The apartment was spotless and the facilities were very comfortable. You have a private bathroom and a separate entrance. The location is excellent; it’s just three blocks from Ipanema beach and there are many places to eat and shop nearby (there’s a supermarket on the corner). There’s a subway station just one block away, which is great for getting around to the center or other places if you need to.

Ludo and Katya were very kind and attentive to us. We recommend this place",1
17494671,2018-12-02T05:00:00Z,"Isabel was a wonderful host, very proactive and helpful, and the place was excellent too – everything was nearby. It was all wonderful, better than I expected",8
1760846,2018-12-24T05:00:00Z,"This apartment is better than it looks in the photos, and I highly recommend it – I’ll definitely be returning again! You cross the street and you’re right on the beach, close to markets, banks, and the lottery shop",8
17809459,2019-01-06T05:00:00Z,"I recommend. Nilza welcomed us very well. The location was perfect; there were many tourist attractions nearby. The apartment doesn’t have a garage (which is a shame), but Nilza herself suggested a 24-hour parking on Rua dos Inválidos (number 25), which is very close and the cheapest in the area. Without a doubt, I will book again",8
1844578,2019-01-02T05:00:00Z,"The accommodation is located in the Santa Teresa neighborhood, which is very nice for walking around on foot and offers fantastic views of Rio. The breakfast was excellent, and Elmiro is very welcoming and always keen to inform his guests",8
18386381,2018-03-25T04:00:00Z,"As always, everything was great",6
18134491,2018-06-04T04:00:00Z,Veronic is so nice and very helpful,6
1821758,2016-08-24T04:00:00Z,I spent three weeks in Rio de Janeiro during Olympics. Beatriz hosted me in the best way. A big room in a nice apartment really close to Flamengo beach and to metro station (Largo do Machado). All you need to spend great time and relax yourself in Rio is on Beatriz,8
17693637,2019-02-04T05:00:00Z,"The apartment was exactly as shown in the photos. It’s very well-located with a market below the building, and the metro is very close by. Taxis or other ride-sharing apps provide easy access to the beaches suitable for swimming. The internet in the house was excellent, and the cable TV was very complete; the house has all the necessary utensils. Paulo was very communicative and ensured everything went perfectly during our stay",9
182139,2018-11-18T05:00:00Z,"The location is excellent, just a few meters from Copacabana beach. The room and apartment were very nice, clean, and comfortable. The host was very friendly",9
1797689,2019-01-26T05:00:00Z,"Don Sergio is a great person, with incredible availability to guide you and offer help with excursions, finding transportation if you need to move elsewhere, etc. He even provided small details like having fruit and something to drink, and a beach bag. I wholeheartedly recommend him – 100%. The location is perfect; you’re right next to the beach in a quiet area, with a spacious apartment ideal for spending your days in the best way possible. Thank you so much, Sergio",1
18042541,2019-02-03T05:00:00Z,"The apartment is spacious, clean, and fragrant, with all the amenities. It’s very well-located. The building is very organized and clean. The towels and linens are excellent. The house is fully equipped, with all kitchen utensils and a coffee machine. We will definitely return",1
17864201,2019-01-27T05:00:00Z,"Would I give it 1000 stars? It was truly wonderful for 11 days in RJ. Snia was a lovely host and made us feel right at home. Her family welcomed us very warmly, and her son gave us many tips. The room was great, the bed was very good and large. The location was perfect, safe, and close to everything you could imagine that Copacabana has (the metro, bars, restaurants, pharmacies, fast food, a 24-hour supermarket...). Everything was very close. Thank you",1
17865057,2017-09-24T04:00:00Z,"Nice but, no hobs or oven in kitchen",4
17865057,2018-07-06T04:00:00Z,"Everything was as advertised, it’s a good location, clean and close by, but the host needs to improve the air conditioning unit, as it isn’t working satisfactorily; when it’s hotter, it will be very difficult to sleep in the property",6
17865057,2018-10-02T04:00:00Z,"Everything was normal, there was nothing bad, the location was great",6
17865057,2018-11-09T05:00:00Z,"The place was very good for when I was busy with work, it satisfied my needs…",6
17670314,2017-11-07T05:00:00Z,"Paula was very attentive, I loved everything; the apartment is in a great location! She was always asking if everything was okay",8
17670314,2017-12-07T05:00:00Z,"I love the place, I'm going straight to it! Everything is wonderful",5
17670314,2017-12-20T05:00:00Z,"The local time was perfect and very close to what was needed, including the metro. Paula was very attentive and everything went as arranged. We liked it and we recommend it",8
17670314,2018-01-31T05:00:00Z,"It’s a really lovely place, Paula was very friendly, everything was perfect",8
17670314,2018-08-07T04:00:00Z,"The apartment is well-located, clean and organized. There’s a 24-hour doorman and Paula is always helpful. I loved the location",8
19018752,2017-06-04T04:00:00Z,"We booked the room with Cassiana, it’s located inside a hotel. We were very well looked after both by the hotel and by the host. The location is very good, it’s 1 km from the Jeunesse Arena. We were surprised because we expected less… I highly recommend it",7
19018752,2017-09-17T04:00:00Z,"Considering the location, Cassiana was kind and attentive, answering all of our questions. She addressed all of my concerns, so there was no room for error. She made the check-in and check-out process incredibly easy and she left some little gifts in the room when we arrived. The space was wonderful, very organized, and in a great location. Since we were going to Rock In Rio, we were very pleased to know that we were only 5 minutes walking distance from Parque Olímpico, where the event took place. Super easy access to the BRT, and with a wide range of public places nearby, such as supermarkets, pharmacies, bakeries, restaurants, shopping centers, and parks. We made a great choice and intend to visit again! Best experience in Rio de Janeiro <3",1
19018752,2017-09-25T04:00:00Z,"The room was perfect for a couple and very well located in Barra. We went for the Rock in Rio and we couldn’t have chosen better: we went to and returned from all the shows every day, easily. The condominium is also great and is close to a mini-shopping and a very good park. Cassiana was incredibly attentive to us. I highly recommend it",8
1912695,2019-02-02T05:00:00Z,"Amazing stay!\n\nThe view is the best. The pool is wonderful. The whole apartment looked very clean and updated.\n\nWe had a great stay in this penthouse. And I nearly forgot... the check in person was also lovely, we will come back for sure",8
1925045,2019-02-02T05:00:00Z,Carlos was always very attentive and prompt in solving any problems,8
1940174,2019-02-01T05:00:00Z,"We’ve had a wonderful stay, more than we expected. The apartment was great, and Rafael and his family were cordial throughout our stay. We felt safe, and the neighborhood was pleasant. The beach was just a few minutes away. If we return to Rio, we’ll choose them again. Thank you",8
19865325,2017-07-27T04:00:00Z,The host canceled this reservation 15 days before arrival. This is an automated posting,1
20116519,2019-01-31T05:00:00Z,"Hey! The experience was great, I really liked the location – it’s excellent for relaxing and enjoying the beach. The location is very good, the condominium is great for walking and relaxing, and everything is nearby. The beach is great, and the condominium’s boat service that takes you to the beach was really good; it was worth the stay",8
20354056,2017-09-24T04:00:00Z,"The apartment is located in a good area, is brand new and clean, spacious, and has a comfortable bed. Ricardo, the host, was also very helpful. I recommend it",9
20357635,2017-09-25T04:00:00Z,"Great location, impeccable apartment – functional, beautiful. The host was very detail-oriented and respectful of privacy. Highly recommended",9
20357635,2017-10-15T04:00:00Z,Although Arthur is new at Airbnb  please take a chance on this place. He made is so welcome with beers in the fridge. The apartment is amazing.  Clean. Has great energy. You will love going back to it.  Pool upstairs is great. Concierge are so friendly. We think this is probably out Top 5 Airbnb of all time.  Book it. You will love it,9
20597925,2017-09-25T04:00:00Z,Awesome view and nice decoration,6
20570876,2018-01-01T05:00:00Z,"Fernanda was very nice from the beginning and extremely responsive. She answered with great speed and helped us with several questions, including tips about the city. We stayed in contact throughout the entire booking process, before, during, and after, which was a key factor for me. The apartment had a great location! It was only one block from the beach, with easy access to buses, a market, and shops. The apartment was clean and organized. We loved the experience and would recommend it to everyone",9
20599393,2019-01-06T05:00:00Z,We loved staying at Maria Lucia,3
2092831,2019-01-02T05:00:00Z,"This was a great stay, the location was perfect! Marlene has many excellent tips for interesting places to eat and visit, unlike what you usually find on search websites. Not to mention the thoughtful touches she provided, and tips for New Year's Eve",8
2105881,2019-01-30T05:00:00Z,"Lovely apartement, exactly as it shows in airbnb. Great stay, hopefully we will repeat it",8
20666508,2017-09-27T04:00:00Z,"Excellent accommodation. The apartment was clean, functional, and cozy. Access to the BRT (bus rapid transit) was right in front of the condominium, providing easy transportation around the city. The best thing about the accommodation was the host couple: a lovely and attentive couple who, from the first day, made me feel very comfortable and made my stay very pleasant. I recommend it without hesitation",8
20666508,2018-05-27T04:00:00Z,"Daiana and Rodrigo were excellent! They welcomed us very well; they were kind, attentive people who made us feel completely comfortable",8
20693549,2017-09-17T04:00:00Z,"The stay at the Chusma apartment was awful. The place is a bit old, but everything is in good condition. The only problem was that the hot water wasn’t working, but they were immediately ready to fix it, even though we didn’t end up needing it. They were always available for communication at (Hidden by Airbnb",8
20693549,2018-01-25T05:00:00Z,"The apartment is very comfortable, with everything you need. It has a privileged location and is in a very safe area. The doormen are available 24 hours a day and are very friendly. I found the apartment a little dirty, especially in the bathroom and kitchen, but they explained that just the previous guests had left it. It might have been a matter of timing. Señora Gracia was very hospitable and flexible with the check-out time. The only inconvenience is that if you suffer from heat, the air conditioning doesn’t cool much; the space is very large and doesn’t reach the room. Otherwise, I had a wonderful stay. Highly recommended",7
20969380,2018-03-08T05:00:00Z,"These Lindos apartments are in a very comfortable building. They’re right in front of the beach. The supermarket on the ground floor, with a bar and open 24 hours, makes the stay perfect. Alina was a genius, always very attentive to our needs",8
21053564,2018-02-15T05:00:00Z,"The apartment, owned by Rose, is very well located in Ipanema, close to the metro and the Avenida Visconde de Pirajá, with all kinds of shops readily available and very easy to walk to the beach.

The room has a bathroom, both of which are small, but perfectly adequate for a single person looking for just a place to sleep and take a bath quietly.

Rose was a nice person; I had more contact with her son, Pietro, who is a very helpful and friendly young man, always treating me very well and willing to give me tips about the best places I could enjoy. The security staff are also very kind.

I totally recommend Rose’s apartment!!

Roses’ place is really well located in Ipanema, close to the metro and the Visconde de Pirajá avenue, where you can find supermarkets, pharmacies, and restaurants.

The room includes a bathroom, and both bathrooms are quite small, but they were perfectly adequate for a single person like me who was simply looking for a place to sleep and take a shower.

Rose is friendly. I’ve had much more contact with her son, Pietro, who’s a young, friendly guy and always willing to give me good advice about places I’d enjoy. I really appreciate that.

I totally recommend Roses place",9
21053564,2019-01-03T05:00:00Z,"Despite the photos in the listing not matching the room we received – it was considerably smaller – we still felt comfortable. The location is excellent. Rose is very friendly and also lives there. We had a problem with the toilet, and Rose was very quick to address it. Since it couldn’t be fixed, she allowed us to use another one. The shower in the bathroom isn’t very comfortable. The pool area is beautiful, although access isn’t completely free as you have to pass through the tenant’s room. The rest of the apartment is very nice and comfortable, as is the building, which has security. We had a lovely time. Thank you very much",8
2113927,2017-01-03T05:00:00Z,"We had an excellent stay in Sandra’s apartment! She accommodated our check-in and check-out times according to our needs and delays. I rented it for New Year’s Eve with some friends and we had no problems with the building or the apartment. As soon as we arrived, Sandra personally received us and gave us all the instructions regarding the shower, kitchen, etc. She had water in the refrigerator, a Coca-Cola, and some fruit ready for when we arrived. The apartment was clean, the space was lovely, ideal for six or seven people. There are two bathrooms with functioning showers. Right next to the building there’s a snack bar and next to the snack bar there’s a Banco do Brasil branch. On the corner there’s an Itau bank branch and a Loja Americana store. Across from the building there’s a Mundo Verde store, for those who buy healthy and preservative-free items, and also a self-service (by the kilo) restaurant with very good and cheap home-cooked food.

We’ll definitely be back as soon as possible",1
2113927,2017-03-01T05:00:00Z,"The location is very well-located, although it isn’t very spacious. The apartment comfortably accommodated all guests, just as described, and the host was outstanding. We’d definitely return and it’s almost a must-do",8
2113927,2018-02-14T05:00:00Z,"We had a problem with check-in. My friends and I rented the house from Fat Tuesday through Ash Wednesday. And for personal reasons, we couldn’t arrive on Friday during the day, and we informed Sandra that we would be arriving late at night. And her response was that we couldn’t arrive late at night, but rather on Saturday morning. We didn’t like that, as we were already renting the house and received that response. As soon as we arrived on Saturday, Sandra opened the door to the apartment and asked us if we were going to arrive on Sunday. We were very disappointed. Aside from that terrible situation, the rest was okay. The house was clean and well-ventilated, and we had a good stay. The house was very well-located",6
20643726,2017-09-25T04:00:00Z,"Excellent. The studio has a fantastic location in Leblon, close to the best restaurants and bars and the beach. The apartment is cozy and clean, and the host was very attentive to us",9
20643726,2018-03-26T04:00:00Z,"Perfect apartment!!

Incredibly well-located and super tasty!

I recommend it :) I’ll definitely return to Rio and stay in Sean’s apartment!

Thank you for the lovely stay",8
20643726,2019-01-03T05:00:00Z,"Great place! Charming, central, clean! Will come back",8
20845825,2019-01-15T05:00:00Z,Beautiful little Home in a good location,6
21059755,2017-11-27T05:00:00Z,"It was all incredible!!! I highly recommend it!!!

A big hug, Andr. Now it’s your turn in Italy",2
21059755,2017-12-06T05:00:00Z,Andr is great and the apartment is simply fantastic. Full of details and very accurate with the photos. Super comfortable bed and great disposition from the host,8
21059755,2017-12-10T05:00:00Z,"The apartment was wonderful, very well-decorated and tidy, and also in a super central location! What made the hospitality even more special was André’s attention and friendliness. He made us feel completely at ease and gave us lots of good tips about Rio de Janeiro. I definitely would consider the apartment again on a future trip to Rio",9
21059755,2017-12-17T05:00:00Z,"Staying at Andre’s place couldn’t have been better.

I wholeheartedly recommend it without any doubts",8
21059755,2018-01-29T05:00:00Z,"Excellent location!!! Andr was always in constant communication and making sure everything was okay. He gave very good recommendations for what to do on a weekend in Rio. Thank you, Andr",9
21059755,2018-02-03T05:00:00Z,"The apartment, which is owned by André, is located in one of the best areas of Rio. It’s very close to Shopping Leblon and Rio Design. There are many restaurants and shops nearby, and it’s also very close to the beach. He was polite and helpful. I would definitely stay there again",8
21059755,2018-02-18T05:00:00Z,"André has a stylish apartment in a very good location. The bed and shower were excellent – those are always important factors.

Good communication and a good stay",8
21059755,2018-02-25T05:00:00Z,"Andr was incredibly attentive and a fantastic host; he gave us lots of tips and made us feel right at home! The apartment is super cozy and very well-decorated!

Fantastic location!

We will definitely return",9
21059755,2018-04-13T04:00:00Z,"The room was very comfortable and clean. The apartment is very well-equipped and impeccably maintained. He was very kind and welcoming. Highly recommended (100%). The location is in the nicest part of Leblon, close to shopping centers and the metro, just a few blocks away",1
21059755,2018-08-19T04:00:00Z,We highly recommend it. We were very warmly welcomed. It exceeded our expectations,8
21059755,2018-09-02T04:00:00Z,Great location!!! We got lots of tips from Andre! The apartment was fantastic,8
21059755,2018-10-14T04:00:00Z,Andrei was a very kind host. The apartment was a steal and the location couldn’t have been better. We were very warmly welcomed and treated during our stay. Communication was easy and quick. I would definitely return,8
21059755,2018-10-20T04:00:00Z,"This was my best Airbnb rental. I wouldn't hesitate to recommend it for a few days or many. It’s half a block from the shopping center, across from the police station (with 24-hour security), close to the beach and the metro station. The interior was completely furnished",8
21059755,2018-10-24T04:00:00Z,"Everything was perfect, the location was great, the cleanliness was excellent, the space was fantastic, the host provided excellent tips, and I definitely will return. The apartment was marvelous",1
21059755,2018-10-27T04:00:00Z,"The host was a fantastic person, incredibly helpful and approachable. They make guests feel very comfortable, the apartment is cozy and delicious, and they have excellent taste in decoration and music. We wish them all the best, and we hope to stay with them again",8
21059755,2018-11-26T05:00:00Z,"Excellent accommodation, very well-located, everything was spotless and well-organized",9
21059755,2018-12-13T05:00:00Z,"It was very good, with a great location, comfort, and style! André was also very kind",8
21059755,2018-12-20T05:00:00Z,"Excellent location, a cool/trendy atmosphere and a great host",8
21059755,2019-01-02T05:00:00Z,"Andre is more than our Airbnb host! He is now our friend :) His apartment is super cute and looks even better than the photos. He was a great host and showed us around, well definitely be coming back. Valeu",9
21059755,2019-01-26T05:00:00Z,"André’s responsiveness was impeccable. He answered any questions enthusiastically and was readily available to help. The room and bathroom were in good condition, clean, and nicely decorated. The website (Airbnb) wholeheartedly recommends this property for anyone looking to stay",8
21059755,2019-01-30T05:00:00Z,"The location was excellent, with good security access to the building, and nearby amenities were very helpful for the stay. Furthermore, the accommodations were comfortable, clean, and the host demonstrated empathy and friendliness.

I highly recommend it :D",9
21059755,2019-02-04T05:00:00Z,"Andr’s apartment is a very charming space, well-decorated, clean, and in a great location for anyone planning to visit the South Zone of Rio. I highly recommend it",8
21059755,2019-02-10T05:00:00Z,"The apartment is extremely stylish and well-maintained, and the room and bed are very comfortable. However, the highlight was the host’s hospitality – he was incredibly kind, helpful, and friendly, and very flexible to ensure we were comfortable",8
2085520,2014-02-13T05:00:00Z,"The apartment is very lovely. It’s very well-maintained and looks just like the photos. It has a great location and is very secure. Diogo, Gilmario and Anadeia are very kind and always willing to address any concerns. We would definitely contact them again for another visit in Rio. Many thanks Diogo for your dedication",8
2085520,2014-03-14T04:00:00Z,"Lovely apartment located in a gorgeous spot, a block away from Copacabana beach. The flat is airy, clean and relatively silent compared to most places around the area. Diogo and Gilmario are very responsive and provide a first class service. I would definitely go back and stay over again. Recommended",9
2085520,2014-03-21T04:00:00Z,"The location is perfect for exploring Rio. It’s just a block from Av. Nossa Senhora de Copacabana, where buses to all the city’s tourist attractions pass, and just a few blocks from the Cantagalo Metro station. It’s very close to walk to Copacabana Beach and Arpoador and Ipanema. The neighborhood is packed with places to eat (salty snacks, bars, and restaurants), and there are two supermarkets within one and two blocks.

The apartment is very spacious, comfortable, bright, and you can see Copacabana Beach from the window. Because it’s on a high floor, you can sleep with the windows open.

Thank you so much, Diogo, the apartment allowed us to make the most of an incredible city like Rouen. We loved it!

This is a great location! It’s close to Avenida Rio Nossa Senhora de Copacabana, where there are buses that go to all the tourist points in the city, just a few blocks from the Cantagalo metro station. It’s very close to the beaches of Copacabana, Arpoador, and Ipanema. The neighborhood is full of places to eat (salty snacks, bars, and restaurants), and there are two supermarkets nearby.

The apartment is very spacious and comfortable, and you can see Copacabana Beach from the window. Being on a high floor, you can even sleep with the windows open!

Thank you so much, Diogo! We loved Rio!

Perfect location, close to the buses, metro, and just a few minutes’ walk from the main beaches like Copacabana, Arpoador, and Ipanema. There were plenty of bars and delis right around the corner, and supermarkets which were really useful for us to make our trips cheaper. We really enjoyed Rio thanks to Diogo",9
2085520,2014-03-29T04:00:00Z,"The apartment was great, exactly as described on the website. There were no problems at all, and Diogo was always available. The location was very good, close to supermarkets, banks, pharmacies, and restaurants. I recommend it to everyone",8
2085520,2014-04-20T04:00:00Z,"The apartment was very clean, spacious, with clean bed linens, and had a very good Wi-Fi connection. Everything was as advertised",9
2085520,2014-05-23T04:00:00Z,"Excellent, the apartment is exactly as it appears in the photos, with good attention, always attentive, and in a good location",8
2085520,2014-06-06T04:00:00Z,"The apartment was spotless and the stay was incredibly peaceful. I didn’t even manage to meet Diogo when picking up or returning the keys, but his employee was always available and helped us with all our questions",8
2085520,2014-06-23T04:00:00Z,"Thank you for staying at your apartment, Diogo is a fine guy",2
2085520,2014-07-01T04:00:00Z,"The apartment is very well-located, but it was dirty and there was no hot water",2
2085520,2014-07-16T04:00:00Z,Diogo was a perfect host. He fixed everything if there was something at once and was always available. Thank you for a very good stay in Rio,8
2085520,2014-07-28T04:00:00Z,"Everything was correct; the apartment is exactly as it’s presented.

Very good attention at reception and at departure. Punctual.

Immediate response to requests for blankets.

In short, a good stay",8
2085520,2014-08-26T04:00:00Z,"Everything was excellent. The apartment had everything needed for a pleasant stay. It had a magnificent location, close to the metro, just a step away from Copacabana beach and the main avenues, allowing you to take buses to any destination. Gilmario was an excellent concierge, always willing to offer his help, and Diogo, thank you for allowing us to stay in your apartment; we would definitely return without hesitation",9
2085520,2014-12-08T05:00:00Z,"Wonderful location, nice flat, very spacious.
The check-in and out were easy, on-time and without any problem",8
2085520,2015-02-04T05:00:00Z,"Thanks for the welcome and for the freedom we had during our stay. The property matched my expectations. Everything was as advertised. Praise to host Diogo and to collaborator Gilmário, who received us with much friendliness and efficiency. Regards. Max",8
2085520,2015-02-13T05:00:00Z,"It’s a great apartment in a very good location. It’s close to buses and the metro, and most importantly, it’s close to Play Copacabana. A good location for people who want to sightsee or enjoy the beach",8
2085520,2015-04-05T04:00:00Z,This apartment is well-located in the traditional Copacabana neighborhood. It’s very close to the beach and the main street for taking taxis. It’s comfortable for up to 3 people,7
2085520,2015-05-31T04:00:00Z,"Everything was okay as promised!! We were very warmly welcomed by Gilmario, and the apartment was exactly as described. The location is great, and congratulations on the wonderful welcome. There’s easy access to public transport and markets, etc",8
2085520,2015-06-28T04:00:00Z,Great location.  Comfortable bed. Host was quick to respond to messages,8
2085520,2015-07-09T04:00:00Z,"I loved my stay at Diogo’s apartment.

The location was perfect and the staff member was very attentive.

Returning to Rio, it will definitely be my first choice",8
2085520,2015-07-15T04:00:00Z,The host canceled this reservation 388 days before arrival. This is an automated posting,1
2085520,2015-07-16T04:00:00Z,The apartment is well-located and as described. Diogo and Gilmário were very attentive and willing to help. I recommend it,8
2085520,2015-07-20T04:00:00Z,The host canceled this reservation 386 days before arrival. This is an automated posting,1
2085520,2015-07-21T04:00:00Z,"We had a really great stay in Diogo’s apartment. The apartment was exactly as described in the listing and we were very well received by his employee, Gilmário. The location was excellent – it’s close to restaurants, supermarkets, bus stops, and taxi stands",8
2085520,2015-08-04T04:00:00Z,"The apartment was exactly as described. One of the sofa beds was broken and was replaced during our stay as requested. The Wi-Fi was unstable, but an employee attempted to resolve the issue. The only negative comment I have is that a bed linen set was not replaced, which was needed",7
2085520,2015-08-18T04:00:00Z,"The property was exactly as described in the advertisement, perfect, with a great location. We were well accommodated. I recommend it",8
2085520,2015-08-30T04:00:00Z,"Our stay in this flat was very pleasant. The location is ideal as well - close to the beach, shops and subway station. The furniture and equipment were sufficient too. The only drawback was the waiting upon our arrival. Even though we agreed on meeting at specific time there was nobody to accept us so we called the owner. But with no response for two hours. Except for this fact we were overall satisfied",6
2085520,2015-09-14T04:00:00Z,We felt very comfortable; the host was very nice,6
2085520,2015-10-14T04:00:00Z,"Diogo was a fantastic host; he promptly showed us the apartment and handed over the keys. The apartment was exactly as pictured – very comfortable and close to everything. It has Wi-Fi and air conditioning, which I really value. Diogo kindly allowed us to use the garage, which was very useful. The building is very good, with 24-hour security and easy access, and it’s definitely a great location. I’m certain I’ll return and recommend it to everyone",1
2085520,2016-02-03T05:00:00Z,"I was greeted at the scheduled time and Diogo was very kind! The apartment is just a few meters from Posto 5 in Copacabana. There are supermarkets, pharmacies, bars, and banks nearby. The apartment is exactly as it appears in the photos, however, the utensils available in the kitchen are only intended for small snacks. I suggest checking the functionality of the appliances, as in my case, the air conditioning had electrical issues, which were resolved the following day due to my request. Good option for quick stays! I recommend it",8
2085520,2016-02-14T05:00:00Z,The experience at the apartment was amazing. The staff was very attentive and friendly. The apartment location is close to all the proximities. Close to the beach (walking distance). Close to all the Attraction tours. I would definitely recommend this apartment and many listings from Diogo. I will be back again next year,8
2085520,2016-04-05T04:00:00Z,"Nice host, appartment located really close to the beach and ideal for a short stay",8
2085520,2016-04-16T04:00:00Z,"Hello, the room was very clean and tidy upon arrival.

The building is quiet with 24-hour security.

You can bring pets, as there were several in the building.

It’s a very comfortable place for two people, at most three.

The best thing about the stay was the location; it was half a block and a half a block from the main avenue.

One block from Copacabana Beach. Booth number 5.

We also had very nearby businesses: banks, pharmacies, supermarkets, bars, etc.

Recommended",8
2085520,2016-05-02T04:00:00Z,"This was a very good apartment. Upon arrival, we saw the sofa and initially thought it would be uncomfortable, but it was surprisingly very comfortable. The building has security and 24-hour cameras, which made us feel safe and the apartment was clean and tidy with clean sheets and towels. It has a small stove and refrigerator for cooking. It’s very close to the beach, just one or two blocks away. The tourist area is full of restaurants and the host, Diogo, was incredibly friendly and charismatic; he advised us on places to visit and gave us very good tips. We had a lot of fun and if we were to return to Rio de Janeiro, we would definitely stay there again. Excellent price/comfort ratio",9
2085520,2016-05-29T04:00:00Z,"The apartment is exactly as it appears in the photos; it’s comfortable. The building is very secure, with cameras everywhere and a doorman on duty 24 hours a day. The block is very busy, especially the businesses next to the building, which actually creates a sense of tranquility.

Diogo was always available to help with anything we needed, even offering several tips about what to do during our stay",9
2085520,2016-06-15T04:00:00Z,"Nice clean apartment, with good security.   Perfect location for me, close to the beach.  Diogo is was always available if i needed anything.   I will rent from him again and i will recommend his places",9
2085520,2016-09-03T04:00:00Z,"Great place in a convenient location (posto 5, Copacabana).
We have been welcomed by ED, who stayed in contact with us during all the stay.
Only negative point: the noise at night due to the agitated street.
Overall experience: satisfied",6
2085520,2016-10-28T04:00:00Z,"ED was excellent with their attention. The apartment is in a strategic location for the three nearby beaches. It has all the services in good condition, but it’s lacking some everyday kitchen items, like dishes. The bed linens could also be improved",6
2085520,2016-12-06T05:00:00Z,The experience was very satisfactory. The most notable thing about the apartment is its excellent location,7
2085520,2016-12-11T05:00:00Z,"The host was incredibly welcoming and approachable. The location was great. The apartment was exactly as pictured. There was a small leak from the shower corner onto the exterior floor, which caused some mess, and my suggestion would be to provide some basic essentials in the kitchen like matches and detergent. For those staying for a longer period, I would suggest bringing a blender and a mixer. Overall, it was very good",7
2085520,2016-12-23T05:00:00Z,"Apartment near the beach and various local shops.

Edi was the person who received us, and he was very attentive and nice.

The apartment is just like the photos",8
2085520,2017-01-02T05:00:00Z,"Great place to stay really close to the beach and shops and restaurants! Location was perfect. Stayed there for New Years and we got a Champagne bottle too! Very nice detail. The apartment had everything we needed, towels, dishes, wifi, tv, AC, fan. We really loved staying at this place and would definitely stay there again if we go back to Rio. 
Best,
Wendy",9
2085520,2017-05-02T04:00:00Z,"super-duper recommendable! The place is very near to the beach, there are also restaurants and convenient stores around. It is also spacious and can accommodate 5 person. Towels, beddings, everything is clean. Muitoooo obrigada Ed for assisting and accommodating us! blz! ciao",8
2085520,2017-05-26T04:00:00Z,"It was all very good. As I said before, they were very kind, and the area is very nice. There are supermarkets just one block away. All bus lines are on the corner",8
2085520,2017-07-18T04:00:00Z,"Excellent location. The apartment was very good and the host, Diogo, and his team welcomed the guests very well. I recommend it",8
2085520,2017-12-29T05:00:00Z,"Best location in Copacabana! The apartment is beautiful, the bed is comfortable, the decoration is incredible, and there’s even a hammock!

The Wi-Fi is very good!

The team from Diogo were very helpful, welcoming, and attentive. The apartment was very good! I want to return there always",9
2085520,2018-08-21T04:00:00Z,"The apartment is located close to markets, restaurants, a cinema, and the beach. It’s very clean, stylish, simple, and comfortable, and the host is extremely welcoming. I highly recommend it",8
2085520,2018-10-31T04:00:00Z,This apartment is an exceptional deal. Lots of space. Stylish. Great location just steps from the beach. Listening to the waves from bed in the morning was serene. Going downstairs at night to listen to samba. The kitchen is well equipped and the shower is clean and hot with good pressure. I absolutely loved my two month stay here and highly recommend. Ed will take care of anything you need,1
20893660,2017-11-29T05:00:00Z,The host canceled this reservation 28 days before arrival. This is an automated posting,1
2116352,2019-01-14T05:00:00Z,"Ewa is a thoughtful and generous host and her guesthouse is in a charming part of the city. The accommodation is clean and comfortable, and providing you are aware you",6
21201643,2018-08-24T04:00:00Z,"Beautiful apartment, very clean and superbly located. Host Fabi was very attentive and helpful",9
2119162,2019-01-08T05:00:00Z,Very good location and a good apartment... I liked it,6
2123266,2014-07-07T04:00:00Z,"Great apartment. Location is amazing, it is literally on the beach!! Plenty of restaurants, bars, supermarkets etc nearby. You literally have everything within a 5 minute walk. The apartment is super safe with a 24hr doorman and cctv. Everything in the apartment was as described and it was like our second home. 

Lea was an amazing host. She went above and beyond a normal host for us during our stay. Her and her son introduced us to the area, showed us where all the shops, restaurants were etc. it was like having a concierge service! 

I cannot commend lea enough on our stay. She really looked after us. The property was amazing, and everything was brand new! If anyone is looking for an alternative to a hotel. Then look no further! 

I will definitely be visiting again real soon",1
2123266,2015-10-11T04:00:00Z,"Lea was a wonderful host. Her attention during our stay went far beyond what was expected. She oriented us regarding all the amenities in the area, greeted us with great care, and we felt like we were at home. The apartment has a prime location – the beach, transportation, the metro, and all the facilities are just a few minutes away. The apartment itself is exactly as advertised; everything is very clean and new. The building is very secure. Thank you, Lea, for providing everything so well during our stay",1
2123266,2016-08-24T04:00:00Z,"The apartment was clean and conveniently located near the beach, restaurants, public transport and shopping! Lea and her family helped us from the time we arrived until we left! We felt like we were at home",9
21237763,2017-11-05T04:00:00Z,The space is spacious and clean! My stay was very good! I highly recommend it,8
21237763,2017-11-21T05:00:00Z,The Timo apartment and the condominium’s infrastructure were excellent – the staff were incredibly attentive and met all our needs within the complex. The location was also perfect for everything we wanted to do. And Cntia was exceptionally helpful from the very first contact. We will definitely return,8
2213067,2019-02-06T05:00:00Z,"The apartment and condominium are spectacular, with many leisure options, including for children. We had very pleasant and fulfilling days in Rio de Janeiro",8
21836642,2018-01-02T05:00:00Z,The space was exactly as described. Constância is a super friendly and perfect host. The location is good and very quiet,8
21836642,2018-02-18T05:00:00Z,This apartment is great! The location is fantastic and the hospitality was incredible! I loved it,6
21836642,2019-01-02T05:00:00Z,Constncia was a wonderful host. She received us wonderfully. We shared interesting conversations during our stay and showed us around a few times. it was always very appreciated. Her house is tidy and very cozy. It is very charming and well located. Muita obrigada,8
2163225,2014-07-06T04:00:00Z,"Marcelo was a great host and the apartment was exactly as described. Considering this was my first trip to Brazil, the apartment was located excellently in the upscale Ipanema neighborhood. Everything that I needed for my vacation was conveniently located within walking distance. I had access to restaurants, grocery stores, and of course the beach.

Marcelo responded to all questions both before and during my trip promptly and thoroughly which was greatly appreciated. He assisted me in a getting a ride to the apartment from the airport as I was completely new to the area",9
2163225,2014-12-28T05:00:00Z,Very clean flat and good aircondition. The appartment is just two blocks away from ipanema beach. Provides anything you expect from an apartment,8
2163225,2015-01-25T05:00:00Z,"We were greeted by Marcelo’s mother, a very pleasant and attentive woman. The apartment is very comfortable, very well-maintained, and has all the amenities and elements that a house needs. It’s exactly as described in the photos on the page. Just two blocks from the beach, with supermarkets, pharmacies and other services within easy reach! We felt very comfortable in the apartment and we recommend it because you’re sure to enjoy your vacation there",8
2163225,2017-03-05T05:00:00Z,"The apartment was exactly as pictured. The location is good, but if you only plan to travel by metro, the distance to the station is noticeable; I only used taxis. The beach is two blocks away, and the street is quite busy with commerce. There’s a 24-hour doorman who was very helpful, which made the stay much more peaceful. The bathroom had a small leak, but it was easy to fix. It uses an electric stove. There are spacious closets for storing clothes",8
2163225,2017-09-21T04:00:00Z,"The apartment has everything you need for a comfortable stay. The location is excellent, and Marcelo, the host, is very welcoming. Knowing that many travelers prioritize security, it’s reassuring that the building has 24-hour security. Furthermore, there’s constant police patrol right across the street. You’ll find everything you need in the neighborhood – supermarkets, shops, pharmacies, and the beautiful beach of Ipanema is just two streets away. The Wi-Fi works perfectly, as does the TV with local channels, YouTube, and Netflix. The bathroom, kitchen, and, most importantly, the bed, are exceptionally comfortable. The cleanliness is impeccable. Highly recommended",1
2163225,2017-09-27T04:00:00Z,The apartment was comfortable and clean. The location was excellent. The accommodation was very good! We would return if possible,8
2163225,2018-02-12T05:00:00Z,"The location is perfect and the apartment is as described.

However, I had some issues in the relation with the host, Marcelo.
Marcelo complained, at various rates, in any single occasion we had to comunicate: literally from the first day to the last.
Although I was probably not at the highest of the organization , it was Carnaval in Brazil. This makes messy the country in general and Rio in particular. But for this reason we were paying a specially high amount of money, more than 500 reais/night for 1 room flat.

Not to enter here disputable and unsolved big issues, I mention here only three indisputable ones:
- a complain about cleanliness (which was absolutely fine, according to former experience) and especially sand (!?) while I am paying 180Reais(!!) for cleaning 1 room
- a complain about trash, when not a single word was told us on how to deal with it (whoever travels, knows that rules change consistently from country to country)
- an ABSOLUTELY FALSE complain about used condoms left around, which we did NOT use at all. We left some closed ones because we were given those in Carnaval. Either this was a plain lie, or some former used condoms were found in the flat, which would make the cleanliness of the flat really low. However, we did not find any used condoms.

All those kind of complains, which I found completely bad posed, rendered my relation with the host uneasy.

In conclusion, if the period of time and your style of travel is highly fixed, and you do not specifically care about the relation with the host, probably your travel here will work without any problem and, I repeat, the location is amazing.

If, for your travel, it is crucial the hospitality and a nice and smooth relation with your host, this might be not the right place",2
2163225,2019-01-10T05:00:00Z,"Marcelo has communication in more than one language; he’s good at handling things with him. The apartment is ideal; I think you could say it’s much better than what the photos represent. The cleanliness upon our arrival was perfect. We were a couple, the mattress is very comfortable, something to keep in mind if you’re going to be staying for several days (in our case, 10 days).

The location is practically perfect, just two blocks from the beach (the apartment has a couple of chairs and an umbrella). Besides being really well-equipped in other aspects, it also has this plus if you’re also planning to spend time at the beach.

As a tip if you’re traveling without mobile data, ask for the host’s phone number or apartment number before arrival, so you can contact them at check-in. We didn’t have that information, and when the building porter made us wait in the lobby, I doubted he’d let us in because we didn’t have much information to contact the host.

After all, they were very nice vacations. The apartment is very comfortable for a studio, and it lacks nothing. Without a doubt, I would recommend Marcelo’s apartment to any friend who returns.

For those who want it, entering this link and creating an account, you’ll get around $30 USD free for your stay: https://es.airbnb.com/c/danieli8000?currency=UYU",9
2163225,2019-01-14T05:00:00Z,"The loft-style apartment is very airy and bright. The renovated bathroom with its electric shower gives a feeling of cleanliness and security. The bed is very good and the linens are of good quality, but the pillows are terrible. There was a serious lack of a table for eating (Marcelo informed us upon check-in that the table was awaiting arrival), and I believe that a set of new glasses, white plates, and new wooden cutting boards would have created a more distinctive space. I had difficulty with the refrigerator, which didn’t freeze water even in the freezer.

My stay was very good. The location of the apartment was truly excellent, the space was renovated and it was worth the price, even though it needed a few adjustments",8
2163225,2019-01-22T05:00:00Z,The host was extremely attentive and concerned with adjusting and resolving any demand to make the stay as good as possible,8
22058660,2018-01-02T05:00:00Z,"The apartment is exactly as the photos show! It’s very nice, with a lot of design.

The location is very good, right on the beach, and unit number 4 on the beachfront.

We had an incredible time!! Thank you so much, Fatima, for everything",9
22058660,2019-01-01T05:00:00Z,"Fantastic stay!!

The apartment was exactly as the photos showed: brand new, clean, and very tastefully decorated.

The care and attention from D. Fatima and Israel were impeccable!

The location was excellent, with easy access to the beach, the market, the bakery, and restaurants – everything was very close by",9
22058660,2019-01-05T05:00:00Z,The apartment is the perfect location in Barra. Beautiful views of the mountains and a slight view of the beach. The whole apartment is air conditioned which is a nice plus. The pool and sauna are great. They had a lovely spread of food and beverages for us. The kitchen has everything you could need to cook meals. We hope to stay again,8
22058660,2019-01-28T05:00:00Z,"The only thing that was lacking was a view of the sea; otherwise, everything was perfect",8
2187573,2019-01-23T05:00:00Z,"Rafael is really friendly, helpful, and welcoming. His apartment is perfectly located for those who want the beach (200 meters from Copacabana and Ipanema) and to see the city (all the bus stops are at the bottom of his house, plus bus stops and taxis nearby, and the metro is just 10 feet away). It’s simple but has all the comforts for two people. The value for money is unbeatable. He’s a 24-hour concierge, the neighborhood is quiet, and there are good bars nearby – it’s the ideal place for a Rio vacation",9
22384305,2018-01-01T05:00:00Z,"We have a wonderful vacation on Rio and Ricardo was a great host, the apartment is near a lot of interesting places, is clean,  nice and cozy,  and the price is good, looking forward for another trip to Rio",8
22384305,2018-01-14T05:00:00Z,"This was the best experience we could have had. The apartment was excellent – measurements, cleanliness, and Ricardo’s hospitality were all outstanding and he was very attentive… we highly recommend it",1
22384305,2018-01-22T05:00:00Z,My stay there was great! Thank you,5
22384305,2018-01-26T05:00:00Z,"Beautiful place, highly recommended",6
22384305,2018-07-27T04:00:00Z,"Great stay! Would come here again, close to everything and the sushi bar in the street is amazing",8
22384305,2018-08-04T04:00:00Z,"Excellent location, well-organized and clean. The host’s recommendations are very good because she speaks Spanish. Excellent communication. We really liked it because it’s close to all the restaurants and the beach and the metro",9
22384305,2018-09-09T04:00:00Z,"The location is excellent, as is Ricardo’s attention. The only thing that could be improved is the number of kitchen utensils; otherwise, everything was fine",8
22384305,2018-10-23T04:00:00Z,"Wonderful place, very well-located. Close to everything, clean and cozy apartment, everything was of excellent taste, I loved it",8
22384305,2018-11-06T05:00:00Z,"Tima Hospedagem was everything clean, organized, and comfortable. Plus, it had a great location",8
22384305,2018-11-19T05:00:00Z,"The apartment matched the photos, in a great location! It was very clean and comfortable",8
22384305,2018-12-17T05:00:00Z,"Ricardo’s apartment is exactly as it appears in the photos; it’s very well located, has everything you need for a relaxing stay in Copacabana, and I recommend it",8
22384305,2019-01-04T05:00:00Z,"The location was excellent, very quiet. The apartment was in perfect condition, although it was perhaps lacking some kitchen utensils – it was just adequate. Ricardo provided excellent communication, very quick and he also speaks Spanish",8
22384305,2019-01-14T05:00:00Z,"The accommodation is exactly as it appears in the photos. Everything is spotless, clean, and incredibly tidy.

We arrived in the early hours of the morning, and the doorman gave us the keys without any problems.

The only negative thing is that the bed is very small and hard. Everything else was great",8
22384305,2019-01-28T05:00:00Z,Accommodation in a location that allows easy access to the city’s main tourist attractions. The apartment was in good condition and the host was flexible and available when I needed him,8
22384305,2019-02-06T05:00:00Z,The apartment looks exactly as the photos show! It has an excellent location. Everything is very clean. I recommend it,8
2263327,2018-12-21T05:00:00Z,"The space was very well-maintained, the location was excellent. Igor was very attentive to me, even letting me enter earlier in the apartment and leave later when I returned to my residence. Thank you very much",8
22266125,2017-12-18T05:00:00Z,Perfectly local and great for enjoying the beach,6
22266125,2018-01-05T05:00:00Z,Apartment is very basic. If you just want a clean room with a view and across the street from the beach this is it. Omar was great at responding to questions and apartment staff was very kind. I enjoyed my stay here in Rio and would stay again,8
22266125,2018-01-07T05:00:00Z,The apartment is well-located and close to everything. We had some problems at check-in; they moved us to another apartment. There was no organization at the reception and we were left without groceries for a day. It’s on the 12th floor. Mr. Omar was quite attentive,7
22266125,2018-01-12T05:00:00Z,Optimal location. Clean. Nice view,8
22266125,2018-01-14T05:00:00Z,It was good. Everything matched the advertisement. I recommend it,6
22266125,2018-03-18T04:00:00Z,"It delivers exactly what it promises, ideal for couples",6
22266125,2018-03-25T04:00:00Z,"The apartment has a very good location; it’s a comfortable, easily accessible, and very safe place, and Omar’s care was great",8
22266125,2018-05-06T04:00:00Z,I recommend,2
22266125,2018-09-30T04:00:00Z,"We had a problem with the heater and they fixed it really well! Besides that, everything was okay",6
22266125,2018-10-14T04:00:00Z,"Excellent location, but the bathroom is a bit disappointing; it doesn’t have a hygienic shower, and the toilet was very unstable",4
22266125,2018-11-20T05:00:00Z,"Timo Custo/Benefício. The location is excellent, right in front of the best gas station on Copacabana Beach, close to Timo’s restaurants, shops, and markets. The room was exactly as pictured and fully equipped. The building is secure, quiet, and peaceful. The doorman, Mr. Antonio, was a really nice and helpful guy. Omar and Hugo were extremely quick to answer any questions. I highly recommend it",8
22266125,2019-01-07T05:00:00Z,"Very good apartment, close to the beach",6
22232299,2017-12-16T05:00:00Z,"I’m very grateful to Heidy for her quick response. I urgently needed accommodation for one night near the airport, and her room was perfect for us",8
22232299,2017-12-19T05:00:00Z,"My girlfriend and I) rented Heidy’s room for 1 night due to a long connection at Galeão Airport, and we really loved Heidy’s hospitality – she’s a very nice person and she really goes out of her way to make guests feel comfortable. The house is well-located and very close to Galeão Airport, so if you’re looking for a comfortable stay to spend the night or several days, Heidy’s room is very good. The room is spacious and so is the bathroom; everything is very clean and organized! It’s definitely worth staying in the room that Heidy makes available! Thank you for everything! See you next time! Hugs",9
22232299,2017-12-22T05:00:00Z,"This was a great stay, and I was warmly welcomed again. The location was excellent, close to transportation, the airport, restaurants, and with easy parking. The accommodation was clean and very good. Thank you for your hospitality",8
22232299,2018-01-06T05:00:00Z,You can bet it’s a really great place and the host is incredibly friendly,6
22232299,2018-01-18T05:00:00Z,I loved staying at Heidy’s place – it was very nice and hospitable. The room was very comfortable and spacious. It’s more than recommended,8
22232299,2018-01-19T05:00:00Z,"We booked our one night stay with Heidi only hours before arrival as a last minute decision. Heidi responded straight away and the room was ready on arrival with a big king bed. The house is very close to the international airport and rental car locations which was all we needed.
The room had A/C and a good fan.
Heidis daughter can speak great English which helped. They have 2 lovely small dogs. We didnt use the rooftop pool but it looked inviting. Large kitchen facility downstairs and close to supermarket and restaurants. Recommend",8
22232299,2018-01-24T05:00:00Z,"The reception was very good thanks to Heidy, and the location was very comfortable for getting to the Galeao Airport",6
22232299,2018-02-04T05:00:00Z,"I liked the room – it was spacious, airy, and bright. It was well-located. The bathroom was next to the room. The kitchen was equipped and available for use.

It was exactly what I needed. I suggested they provide blackout curtains for those who wake up early.

Everything was okay",8
22232299,2018-02-07T05:00:00Z,"This is the second time I’ve stayed at Heidy’s place. The house is very well-located, close to everything. The room is comfortable, and Heidy is an excellent host. I’m sure I’ll stay again",8
22232299,2018-02-13T05:00:00Z,"I stayed there very briefly for one night, and Heidi was very attentive and kind.

My room was excellent, with a great bed and pillows.

The other rooms were also very suitable and organized for use.

The local is very quiet and safe",8
22232299,2018-09-27T04:00:00Z,Book this place! She is an amazing host,6
22232299,2018-09-29T04:00:00Z,"This was an incredible place! It was clean, organized, and had all the comforts for a good night's sleep",8
22232299,2018-10-01T04:00:00Z,"Heidy was truly wonderful as a host, everything was perfect, she was always very attentive and responsive! The cleanliness was excellent! I will return",1
22232299,2018-11-24T05:00:00Z,Heidy was so hospitable and accommodating. She went out of her way for us and I cannot thank her enough. Her space was wonderful as well,8
22232299,2018-12-05T05:00:00Z,The location is good. The accommodation is good. The host is very kind,6
22232299,2019-01-01T05:00:00Z,"Spacious environment, very true to the photos and the host was quite attentive",8
22232299,2019-02-07T05:00:00Z,"Heidy is a lovely and very friendly host, and she helped me a lot during my stay. I thank her for everything",8
22287612,2018-12-20T05:00:00Z,The host canceled this reservation 11 days before arrival. This is an automated posting,1
223200,2019-01-27T05:00:00Z,Mr. Elias is a fantastic host!!! The house meets expectations and I highly recommend it! Make your reservations,6
22548261,2018-02-14T05:00:00Z,"This apartment faces the beach, in a great location, excellent for a couple with a young child.

There was a small kitchen, an excellent balcony with a sea view.

This flat has a great pool and some amenities",8
22548261,2019-01-02T05:00:00Z,"If I had to describe my experience at Daniels apartment in just one word, I would say WONDERFUL!

My wife and I had an amazing stay at his apartment!

Very well located in the beachfront. Hotel crew very polite. with many services as towels to use at the pool, on the beach and at the gym as well, chair and umbrella to be used ar the pool and at the beach, room and clean service, with laundry and health food market in the building

The apartment is fully furnished, with a cooktop, microwave, fridge, coffee machine and everything else you may need to cook your meal.

And to finish, the apartment has a wonderful view! It was a bless to see this amazing to wake up to and when I had lunch every day  we stayed there.

Daniel is a great host, gave us all the attention we needed. A nice guy!

If you wanna chill and relax for some days into an amazing place at Rio, I recommend you to stay at Daniels apartment!

Many thanks Daniel!

Cheers mate",9
22548261,2019-01-12T05:00:00Z,Really very good. I recommend it,6
22548261,2019-02-06T05:00:00Z,"Located in an unbeatable location, this beautiful apartment offered the amenities of a resort. It had a first-line ocean view, and the host was providing immediate responses. An excellent option",9
22420791,2018-01-15T05:00:00Z,"Of all the places we stayed, I can say without a doubt that it was the best! The hosts were super welcoming, friendly, and lovely. The apartment was better than shown in the photos, the pool was excellent, and the location itself was wonderful. We just want to thank them for all their care. I HIGHLY recommend it",9
22420791,2018-01-21T05:00:00Z,"This apartment is very clean and modern, and it’s close to some of the best beaches in Rio: Prainha and Grumari! I recommend it",8
22420791,2018-02-12T05:00:00Z,timo espao! The pool was very pleasant… and the apartment was cute,4
22420791,2018-03-18T04:00:00Z,"We loved our stay, Anna Gabrielle and her father Paulo, who were incredibly attentive. The apartment was very clean and well-cared for, with attention to even the smallest details. When I return to Rio, I’ll definitely stay there",9
22420791,2018-05-03T04:00:00Z,"We loved the apartment, Anna Gabrielle and her father Paulo, who were incredibly attentive",8
22420791,2018-05-14T04:00:00Z,"The Timo Apartment exceeded all my expectations. The family was very attentive and grateful for their kindness and attention.

Grata",6
22420791,2018-05-24T04:00:00Z,"Our stay was excellent! The apartment was exactly as pictured: very cozy and clean. I had the pleasure of meeting Anna personally, but the apartment reflects the care and attention she has for her guests. She was always available to answer any of our questions whenever necessary. The kitchen has all the necessary items to cook comfortably. Beyond the basics, it was undoubtedly a wonderful experience. I hope to have the pleasure of returning soon",9
22420791,2018-06-06T04:00:00Z,The accommodation was wonderful. The apartment was very well-equipped and the hosts were always helpful – I highly recommend it,8
22420791,2018-06-13T04:00:00Z,"The second time I’ve stayed at Gabrielle’s apartment and I have no complaints to make. I loved it; I feel like I’m at home, and I’m already planning to return soon",9
22420791,2018-08-26T04:00:00Z,"This condominium is newly built and well-equipped, with a pool and a gym.

He was sheltered from the noise of Avenida das Americas.

It’s located 500m from the Recreio Shopping, where you can find everything you need.

One has access to public transport, and the center of Rio is approximately 1 hour and 30 minutes away.

The beautiful beaches of Recreio are barely 1 km away.

The apartment is very well-equipped, and if anything is missing, Anna Gabrielle or Paulo will provide it, during the day.

The welcome was excellent and the accuracy in scheduling appointments (arrival, departure) was exceptional.

This stay (7 weeks) was fantastic thanks to all these details.

I highly recommend this rental.

Didier",9
22420791,2018-09-23T04:00:00Z,That’s great! We’ll definitely be returning soon,2
22420791,2018-09-30T04:00:00Z,We were expecting a well-maintained environment with a great location and it was very comfortable for resting after trips to the nearby beautiful beaches,8
22420791,2018-10-22T04:00:00Z,"Excellent apartment. It was clean, tidy, and completely as I expected! Host with quick and accurate responses. Everything was perfect",9
22420791,2018-11-27T05:00:00Z,It has everything you need and is a comfortable apartment,6
22420791,2018-12-07T05:00:00Z,"Tima estadia, tudo da forma que foi, não teve problemas.

As it was advertised. I recommend it",6
22420791,2018-12-24T05:00:00Z,"Excellent apartment, very well-maintained and very well-located – no comments! I had a fantastic stay… The host was extremely helpful, always ready to answer any questions",8
22420791,2019-01-03T05:00:00Z,Excellent apartment,6
22420791,2019-01-16T05:00:00Z,"I loved the days I stayed there; it was worth it.

It’s definitely worth it… everything was just as the photos showed",6
22420791,2019-02-01T05:00:00Z,The host was very attentive and the stay was great. I highly recommend it,6
22920564,2018-08-19T04:00:00Z,"Rodrigo is a great person! I loved it! The apartment was very nice and clean, and it",8
23058133,2018-03-26T04:00:00Z,"I loved staying at the space at Naya. The family was very nice and welcoming. The room was very good and clean, and the location was perfect, close to everything. I recommend it to the entire Airbnb community",8
23058133,2018-05-02T04:00:00Z,"Highly recommended. It’s located right by the beach and there are many restaurants nearby. Naya is very kind and friendly; she provided me with all the necessary information. The room and bathroom are very clean and it’s equipped with everything you need. Thank you very much, Naya",9
23058133,2018-05-20T04:00:00Z,"Super nice family and super nice room. The bed is amazing. The area is okay, depends on what you like. Everything is very close.

Naya has two small dogs and they are amazing but also barking every time people enter or leave the apartment. If you dont like that then it will probably be annoying for you. 

I was disappointed with the kitchen mainly because of the sink. The water tap was so annoying that I didnt bother making food because it was like taking a shower when I had to clean my dishes after. Water everywhere.

Its nice that you have your own bathroom but it smells really bad and when showering you wont get that much water in your face. 

Definitely things to improve but very nice experience overall. Worth the price for sure",6
23058133,2018-05-30T04:00:00Z,"Amazing location, overlooking Copagobana beach",6
23058133,2019-01-05T05:00:00Z,"The room was really lovely and very well-located, just one block from Posto 6 in Copacabana and a very short walk from Ipanema",8
2274454,2016-07-17T04:00:00Z,The host canceled this reservation 28 days before arrival. This is an automated posting,1
23115177,2018-06-05T04:00:00Z,The host canceled this reservation 268 days before arrival. This is an automated posting,1
23002294,2019-01-21T05:00:00Z,The host canceled this reservation 40 days before arrival. This is an automated posting,1
2296225,2019-02-10T05:00:00Z,"The apartment is very large and comfortable. The kitchen is very well-equipped. There are fans and air conditioning in all three rooms. It’s located in a very safe area, both during the day and at night. There are markets within a block, a pharmacy around the corner, and a fruit stand on the corner. It’s one block from the beach. Rodrigo is an excellent host. We arrived very early (8 am) to do the check-in and he was available. Communication was very fluid via WhatsApp. It’s an excellent option for visiting Rio de Janeiro with complete safety",9
22672234,2018-03-04T05:00:00Z,Access to the apartment isn’t ideal. The overall entrance to the apartment is low,4
22672234,2018-03-18T04:00:00Z,"The photos were pretty consistent, it was comfortable and in a great location! The host was attentive and quickly responded to all messages",8
22672234,2018-08-23T04:00:00Z,"Excellent location, the apartment was very comfortable with all the amenities, many nice details, it was a really great stay",8
22672234,2018-12-09T05:00:00Z,"The space doesn’t match the photos; it’s very small, a studio apartment that the host divided to make a living room. It’s fine for 1 or 2 friends to stay comfortably, but complicated with a family. The apartment was very dusty. Otherwise, the check-in and check-out were done smoothly, and it’s very well-located",6
22950622,2018-02-16T05:00:00Z,"Very nice place, great location and excellent service from host. Ruben was very helpful providing us tips about what to visit. He was very quick at answering our questions and was always willing to help with whatever we needed. The location is great, just two blocks away from Copacabana beach, many bars, restaurants and stores around the apartment. Definitely would stay at Rubens place again",9
22950622,2018-03-03T05:00:00Z,"Ruben was an excellent host, responding quickly. The location was very good, and it was close to everything.

I recommend it",8
22950622,2018-03-18T04:00:00Z,"This is a simple but cozy apartment with 24-hour security. The location is great – you’re right by bars, markets, pharmacies, and a bakery, and it’s just a block from Copacabana beach! Ruben, the host, is completely flexible and attentive",9
22950622,2018-04-01T04:00:00Z,"Imvel is very well located, with an attentive and helpful host.

The beach is just one block away from the apartment. I definitely recommend it",8
22950622,2018-08-26T04:00:00Z,"This apartment is small and simple, but it’s very well-located and clean. It’s great for up to two people. I recommend it",8
22950622,2018-09-03T04:00:00Z,"The place is really super close to everything. It’s a 10-minute walk to the Cantagalo metro and 5 minutes or less to the beach. As I was traveling for work, I arrived late and the area was very quiet to walk around. The apartment is very airy, the only problem is that there isn’t a microwave to quickly heat things up, but it has everything a guest needs.

Thank you so much, Rben, for the accommodation, the quick responses, and the super comfort of the place. I highly recommend it",9
22950622,2018-10-08T04:00:00Z,"The apartment was super clean and there was always someone to help. It’s located close to everything.

Great location. Ruben responds very quickly. I'll definitely book again next year",9
22950622,2018-10-15T04:00:00Z,"This was a lovely apartment, just a block from the beach, pharmacies, banks, and supermarkets – everything was very close by. Don’t miss cycling along Copacabana’s boardwalk. Ruben, congratulations! Excellent host",8
22950622,2018-11-20T05:00:00Z,"Our stay was fantastic; we were three people and the space accommodated us very well. It was very clean, airy, and comfortable, in addition to having an excellent location, close to the beach and all kinds of commerce. Ruben was an excellent host, responding quickly and guiding us on the website. We definitely recommend it, and we thank you for your hospitality",9
22950622,2018-12-17T05:00:00Z,"The apartment was simple but didn’t leave anything to be desired. There was no toilet paper available, but that wasn’t a problem as I brought my own roll, there was a leak at the connection of the sink in the bathroom sink but since there’s another sink inside the shower box, I used that one. The location of the apartment is great because it gets morning sun and isn’t facing the street, a quiet place. I missed the air conditioning due to the high temperatures in Rio de Janeiro, but the apartment has 3 fans. Including one of them, we cleaned it because it was very dirty inside, rs. I didn’t meet Ruben because he lives in another city, but communication via (Hidden by Airbnb) was very efficient. I recommend the accommodation",6
22950622,2018-12-30T05:00:00Z,The location is absolutely perfect! I highly recommend it 100 percent. Rubén was an excellent host who was always available,8
22950622,2019-01-08T05:00:00Z,A really local location,6
22950622,2019-01-18T05:00:00Z,"Our stay at Ruben’s apartment was very good. It has an excellent location, just meters from Copacabana beach, and many shops are nearby (including 24 hrs supermarkets, pharmacies, restaurants, and pubs). The area felt quite safe; we didn’t see anything unusual. The apartment itself is very welcoming and had everything necessary for 3 people. Despite not having air conditioning, the fans provided made the nights more pleasant, but it’s just a detail considering the very accessible price offered by Ruben. I totally recommend it",8
22950622,2019-01-26T05:00:00Z,"Excellent location, very close to Copacabana and commercial areas. I really liked it",8
22773037,2018-02-14T05:00:00Z,"He was very attentive, welcoming, and clear. The location was very good – it’s in a great spot, close to everything. I recommend Mr. Carlos’s space. I’ll definitely return soon",8
22773037,2018-02-26T05:00:00Z,This apartment was very cute and lovely for two people; it’s about a 10-minute walk to the metro and the Arcos da Lapa. I’m certain I’ll be staying in this apartment when I return to Rio,8
22773037,2018-04-01T04:00:00Z,"Excellent location. It’s a compact space, ideal for a more relaxed trip. The host was very solicitous and willing to help. There’s 24-hour security. A very good experience",8
22773037,2018-04-15T04:00:00Z,"The location is convenient, and check-in and check-out were very flexible. Marcio was also very kind and helpful.

I highly recommend it",8
22773037,2018-04-21T04:00:00Z,"Very well located, immaculate. I hope to return soon",8
22773037,2018-04-30T04:00:00Z,"This apartment is really cool, with 24-hour security and a great location right on the edge of Lapa, and the host was incredibly attentive.

Clean towels.

Sabonete… Coffee maker with caf…

Simply amazing – 10 times better than many hotels like Ibis and similar ones",9
22773037,2018-05-08T04:00:00Z,"Excellent! It’s super well-located, cozy, and secure.

I highly recommend it and I’ll definitely be returning soon",8
22773037,2018-06-10T04:00:00Z,Everything was perfect as always,8
22773037,2018-06-16T04:00:00Z,It was exactly as described in the description. I liked it,6
22773037,2018-06-27T04:00:00Z,"It was a perfect place, very well-located and well-decorated – a very airy and clean apartment. Everything was great, and the host was very attentive and polite",9
22773037,2018-12-11T05:00:00Z,The host canceled this reservation 70 days before arrival. This is an automated posting,1
2298271,2019-01-05T05:00:00Z,"Here's the translated review:

Positive aspects: The apartment has excellent appliances and the kitchen and bathroom were recently renovated and are excellent. There’s a second bathroom in the back which is very useful, and the shower has high water pressure. The building has 24-hour security and is very well located, surrounded by good restaurants, very close to the metro, and just a few steps from the beach. Communication with the hosts is great and they are always available to give tips and help with whatever is needed.

Areas for improvement: The furniture is very old and the closets in the bedrooms are cluttered and full of unnecessary bed linens that smell of mold. The bathroom closet is also full of worn towels, and the bed linens on the beds should be renewed. There isn’t a closet completely free for guests, and the clothes hangers are heavily worn. Despite the apartment having capacity for 4 people, there’s only a small iron table in the kitchen with 3 iron chairs, and in the living room the sofa is very old and uncomfortable, while the TV cabinet is full of clutter",6
2301710,2014-06-23T04:00:00Z,"Excellent location, just 5 minutes walking distance from Ipanema beach and the metro. The apartment was very clean, and there were no security issues for going out for walks day or night in Rio.

Alexandre was always concerned that we wouldn't be lacking anything and that everything would be clean. Every day, two women would come to clean (thank you, Terésinha).

Highly recommended",9
2301710,2014-07-04T04:00:00Z,"Alexandre provides impecable service!!!!

Everything listed is exactly as he claims
Best neighborhood
Safe and clean
Accomadating and humble maids
Great space and lots of room
Alexandre promptly responds to emails and does everything to make your stay enjoyable
No one could find a better place to stay",1
2301710,2015-02-18T05:00:00Z,"Fantastic location! Very close to the beach, restaurants, bars, public transport and shops. Clean and modern. Welcomed by the host and immediately felt at home. Highly recommended",9
2301710,2015-05-08T04:00:00Z,The reservation was canceled 458 days before arrival. This is an automated posting,1
2301710,2016-12-29T05:00:00Z,"Everything was impeccable, the house was excellent, the location was very complete and Alexandre always responded!

We were very pleased",9
2301710,2017-02-28T05:00:00Z,"My friends and I stayed at Alexandre’s place to enjoy the carnival and we really liked our stay. The house was exactly as advertised. The location was excellent, close to Ipanema beach and the lagoon. There were many restaurants nearby, cafes, shops, and easy access to the metro and buses. The host was very helpful and the communication was very smooth from before we made the reservation",8
2301710,2019-01-02T05:00:00Z,"I asked for updated photos of the property, requested that the cleaning be done before my arrival, and that any issues with dampness and associated odors had disappeared",2
23085006,2018-04-01T04:00:00Z,"Incredible accommodation, a very good apartment with a balcony, fantastic beds, and a perfect shower! We arrived and found a box with various products and little Brazilian rabbits (coelhos de Psicopa); incredibly kind! We recommend and will definitely return",1
23085006,2018-05-16T04:00:00Z,The host canceled this reservation 287 days before arrival. This is an automated posting,1
23085006,2018-06-03T04:00:00Z,"New apartment, super well decorated! Just one block from the beach!

There was a maid every day and Paulo was a great host!! He was very attentive, flexible, and reasonable! We will definitely return",9
23085006,2018-06-28T04:00:00Z,The host canceled this reservation 19 days before arrival. This is an automated posting,1
23085006,2018-06-28T04:00:00Z,The host canceled this reservation 8 days before arrival. This is an automated posting,1
23085006,2018-06-28T04:00:00Z,The host canceled this reservation 12 days before arrival. This is an automated posting,1
23085006,2018-06-28T04:00:00Z,The host canceled this reservation 57 days before arrival. This is an automated posting,1
23085006,2018-09-26T04:00:00Z,"Just perfect - location, facilities, decor and everything else",8
23085006,2018-10-14T04:00:00Z,"Paulo Thiago’s apartment is exactly as it appears in the photos. It has everything necessary for a perfect stay in Rio. It includes maid service. It’s just one block from the beach, fantastic location. The apartment features an incredible and very clean pool. It’s located in the heart of Ipanema, just a few blocks from Leblon and the lagoon. Paulo Thiago is very friendly and attentive. Highly recommended accommodation",1
23085006,2018-10-28T04:00:00Z,Another great stay at this lovely apartment. Hope to return again soon,6
23085006,2018-11-04T04:00:00Z,The Timo Apartment is very well-located and has a great structure,6
23085006,2019-01-27T05:00:00Z,"Excellent apartment, very well located and very well equipped! I highly recommend it! Thank you",8
2324694,2018-02-14T05:00:00Z,"This was a scam! The apartment was clean and safe, with some amenities, and the staff were attentive. It’s easy to access various tourist attractions in Rio",8
2314585,2017-07-30T04:00:00Z,"Everything was perfect and as expected. The location was very good, with everything easily accessible. Fantastic",8
2283492,2016-08-19T04:00:00Z,"Rio was great, the people are friendly and eager to help, even though I speak very limited Portuguese, 

Marcelo is a good host, he arranged for me, to be met at the airport by his niece Gabriella and her brother Paulo.

Marcelo also helped me to get acquainted to Rio, he took me around the local area and showed me how to use the BRT and Metro, he even showed me how to get to Samba City on his free day, as I needed to collect my uniform for the Olympics.

Marcelos home is nice its on the second floor of a apartment block, my room had a celling fan, a TV on the wall, I had my own shower and toilet, I had use of the fridge, washer and cooker, although its so easy to eat out as the prices are very good, the area is very quiet, there are shops local to the apartment, the supermarket is a 3 minute walk away, the locals in the area are very friendly I got to know a few of them and although they had limited English we were able to chat via (Hidden by Airbnb) translate, they all wanted to know about me and if I needed any help while I was in Brazil, (in the media in the UK prior to my travels, were warning us about the Zika virus and street robberies) well I felt very safe in my adopted city.

From Marcelos home, its about a 5 minute walk to either the BRT station or the Metro station, where you can get to anywhere in Rio. Travelling around Rio, is so easy, I used the BRT, which operates 24 hours a day, I used the BRT from 05:30 in the morning, you can either buy a ticket at the station or get a weekly pass, it costs R$3.80 per journey, the buses are frequent every few minutes and so easy to use, the Metro system is good and there is a train every 5 minutes as well although it does gets packed at times.


In conclusion, I would definitely return to Rio in the future, next time I will take my wife, and do the tourist think and see more sights that I was unfortunately missed out on, no fault of anyone just on my day off there was cloud cover so I couldnt get to see Christ the redeemer or sugarloaf mountain. And I would defiantly use Marcelos home again if its available, as I said hes a good host and has a lovely family, it felt like I was in my own home",9
2283492,2018-02-13T05:00:00Z,"The apartment is well-located in a safe neighborhood in a quiet building. Marcelo was very understanding with the check-in time, he was pleasant and helpful, and his family always welcomed us warmly and was willing to assist. The room with a private bathroom was clean and comfortable. I recommend it and would return",8
23341918,2018-05-21T04:00:00Z,"The Timo apartment was very clean, with an excellent location close to bars, restaurants, and shops!

The host was very helpful and understanding about the check-in. The reception was friendly! The apartment offered excellent value for money",8
23341918,2018-07-27T04:00:00Z,"I really liked the apartment. Arnobio responded and explained everything promptly.

I recommend",7
23341918,2018-08-06T04:00:00Z,"The apartment was very nice, also in a good location. Arnobio was very helpful making sure everything went well",8
23341918,2018-08-11T04:00:00Z,"My wife and I stayed in this apartment. The location was excellent, close to bars, restaurants, supermarkets, and banks, etc. It’s just two blocks from Copacabana beach and near the metro. The stay was very quiet, and Mr. Arnobio responded quickly. It’s a good place for anyone who wants to explore Rio de Janeiro and enjoy the beaches. It’s close to a Bike Ita bike station – anyone can use the bikes (you just need to register). We rode bikes along the entire Copacabana, Ipanema, and Leblon beachfront",9
23341918,2018-08-15T04:00:00Z,"Nice place, great location",6
23341918,2018-08-29T04:00:00Z,The apartment meets what was advertised,6
23341918,2018-09-03T04:00:00Z,"The location is good. The apartment is well-distributed, quiet, as described in the photos and advertisement. I recommend the accommodation",8
23341918,2018-09-17T04:00:00Z,"Excellent local, quick responses, and a very clean apartment",8
23341918,2018-09-20T04:00:00Z,"The apartment was exactly as it appeared in the pictures! It’s a simple accommodation, but for those who just want a place to sleep (which was our case), it fully meets our needs. The kitchen is very well-equipped, but allows you to cook basic things. The criteria I prioritize – a clean bed and bathroom – were met (the shower was wonderful), and the location is excellent, very close to the beach and with amenities like bars and a supermarket nearby",8
23341918,2018-09-25T04:00:00Z,"The property has a good location; the shower is overly comfortable and so is the air conditioning. The problem is that it restricts electricity usage, and you need to be careful about how many watts you spend daily. The Wi-Fi is very slow, but it’s a good location because it’s close to the beach and other places like pharmacies, bars, and restaurants. We didn’t have much communication with the host",6
23341918,2018-09-30T04:00:00Z,Everything was as described in the photos and the description. It was very easy with self-check-in,8
23341918,2018-10-08T04:00:00Z,Standard stay,5
23341918,2018-10-11T04:00:00Z,"The place was descent, but it lacked the very basics of an airbnb. No oven to stick a pizza in. Not one single descent knife, no wine bottle opener. No toaster, the two plated heater only one was working and did hardly heat up. 
A smell in the kitchen area. 
Location good. Hospitality with a couple of beers good, but airbnb is more than that",4
23341918,2018-10-12T04:00:00Z,The host canceled this reservation 139 days before arrival. This is an automated posting,1
23341918,2018-10-20T04:00:00Z,It’s in an easily accessible location with a great location. Check-in was quick and efficient. The host responds quickly and provides instructions with a lot of attention,8
23341918,2018-10-28T04:00:00Z,"The space is simple and needs some maintenance, but the location is special and privileged, with a lot of commerce around it",6
23341918,2018-11-01T04:00:00Z,"Excellent location, everything was in order, we would repeat it",8
23341918,2018-11-08T05:00:00Z,"It’s just a little lacking to be great. It’s very well located, spacious and airy, and has all the necessary utensils for a good stay. The host was very accessible. The only drawback is a very strong musty smell in the closets, and the pillows and mattress are old. This is a problem for people who are allergic like me",6
23341918,2018-11-11T05:00:00Z,"It was very comfortable. The bed was soft, and the linens were clean.

The host was incredibly accessible. The check-in process was very flexible (which really helped me a lot)! Thank you",8
23341918,2018-11-17T05:00:00Z,"The location is convenient, with everything you need nearby.

This was a very good apartment, it was clean, and the shower was good.

Nothing to complain about",6
23341918,2018-11-20T05:00:00Z,The location is very good. It’s fine for a short stay. I recommend it,6
23341918,2018-11-22T05:00:00Z,"Excellent place, in a great location.

It was very clean and had everything you needed for a short or long stay.

It was definitely worth it",8
23341918,2018-11-24T05:00:00Z,"The localization was very good. The space is a little simple and could be cleaner, and it lacks better amenities considering the price. The host provided minimal information, sending notifications about potential fines that were intrusive for the client",6
23341918,2018-12-05T05:00:00Z,"The location is local, and the accommodation is provided",4
23341918,2018-12-09T05:00:00Z,"It was nice spending these days at Arnobio’s accommodation :) It’s very close to the beach, on one of the main avenues of Copacabana, which makes it easy to access various amenities like markets, bakeries, and restaurants nearby. It was a great experience",8
23341918,2018-12-12T05:00:00Z,"This apartment was great; it was in a good location close to everything, and the host was quick to communicate",8
23341918,2018-12-18T05:00:00Z,"The hosts were great, the location was excellent, and I recommend it",6
23341918,2018-12-25T05:00:00Z,The location is local and the space is quiet/peaceful,6
23341918,2019-01-11T05:00:00Z,"Small apartment.

Good price",4
23341918,2019-02-07T05:00:00Z,"It’s a suitable space for a few days of sightseeing, with a bathroom, bed, and kitchen adequate for a basic, no-frills stay, but it’s comfortable",6
23341918,2019-02-09T05:00:00Z,Good choice for the price,6
2351455,2016-08-23T04:00:00Z,Claudio and Patricia are amazing hosts. They are very attentive and wiIling to help out with whatever you need. I recommend their apartment and you will definitely have a great time in Rio de Janeiro,8
23483491,2018-08-21T04:00:00Z,"Very good, I really want to return other times",6
23486555,2018-04-12T04:00:00Z,"The property is large: it has two bedrooms, a big living room, a kitchen, and a balcony. I thought Ana only accepts two guests – I was considering bringing my parents and I wasn’t sure if they would be approved. The kitchen is very well-equipped, with a stove, microwave, refrigerator, and a small table. The bedroom is beautiful, as are the bathrooms. I loved the details: incense, paintings… and the energy was lovely. I stayed for 8 days and I felt very comfortable from the first",8
23486555,2018-04-23T04:00:00Z,The host canceled this reservation 46 days before arrival. This is an automated posting,1
23486555,2018-05-10T04:00:00Z,"Anas apartment is quite lovely, and has a great view of Christ the Redeemer from the balcony. The location is also an easy 10 minute walk to the nearest Metro. The only downside is no wifi",6
23486555,2018-06-08T04:00:00Z,"This was a pleasant apartment in a well-located, friendly area. It’s a shame there was no Wi-Fi, but otherwise the impressions were excellent. It’s certainly our preferred choice for a future visit to Rio",6
23300444,2019-02-02T05:00:00Z,"It was nice, but we were missing the sheets for the sofa",4
23832922,2018-09-15T04:00:00Z,"It was a great stay! I’ll definitely return! Paula is an incredible person, very positive, super helpful and welcoming! I felt at home. The apartment is beautiful and very clean and organized! I recommend the stay",9
23832922,2018-09-22T04:00:00Z,"Paula and her sister were very helpful in assisting me with everything. Paula showed me the surrounding area, restaurants, the market, and the gym (gym). It really made my life much easier!!! The room was very clean and cozy, and the shower was a delight",8
23572358,2018-03-18T04:00:00Z,"The apartment is as good as it looks, but the building it’s located in is really bad; I don’t recommend it for families, as the area is a brothel.

It’s located right above a strip club, Caf Sensoo Bar.

Despite being close to the beach, the area is quite lively, with many prostitutes around, and the restaurants nearby are just meeting places.

There were no elevators or corridors; we found strange people there, and the atmosphere wasn’t familiar.

There are many homeless people nearby",2
23769793,2018-06-08T04:00:00Z,"Great hospitality, a very calm and pleasant host",6
23606639,2018-04-06T04:00:00Z,"The space is very good, perfect for someone working who wants a comfortable place (with an amazing shower) and with the infrastructure for a home office. For those coming to participate in events at the Rio Centro, it’s not even worth mentioning because it’s right in the center of the event center",8
23606639,2018-04-15T04:00:00Z,"The photos make it seem bigger than it actually is, and it’s a little far from the beach. The rest was okay",4
23606639,2018-04-23T04:00:00Z,"I highly recommend it, excellent suite",6
23606639,2018-05-04T04:00:00Z,Excellent space,6
23606639,2018-05-08T04:00:00Z,"The localization was very easy; I used the BRT (bus rapid transit) every day because I was attending a course, and it was truly very close. It was a quiet place, I could walk around alone without feeling afraid. The service from the gatekeeper, reception, and housekeeper was extremely kind and helpful. The environment was super cozy; I honestly didn’t want to leave! Rs The host had no words to express my gratitude; he was always very solicitous. I definitely recommend and will return! It was my first experience on the site and I was very satisfied and enchanted",9
23606639,2018-05-16T04:00:00Z,Excellent place in the region! I recommend it,6
23606639,2018-05-18T04:00:00Z,Excellent place,6
23606639,2018-05-21T04:00:00Z,Excellent accommodation and hospitality. I recommend it,6
23606639,2018-05-27T04:00:00Z,"Good service and accommodation. Excellent location for those visiting the RioCentro, I recommend it",6
23606639,2018-05-29T04:00:00Z,timo espao!!!! I have nothing to complain about,8
23606639,2018-06-02T04:00:00Z,"Be careful and take screenshots of the place you rented, because when you arrive, you’re sent to a lower, inferior accommodation.

Don’t be fooled – the place isn’t bad, but it isn’t great either",3
23606639,2018-06-16T04:00:00Z,"The location is excellent, and Timo’s place is great",6
23606639,2018-07-09T04:00:00Z,"As always, the accommodation and communication with Alexander were spectacular! See you next time",8
23606639,2018-07-26T04:00:00Z,comfortable place,5
23606639,2018-07-29T04:00:00Z,It’s really worth it! I loved it,4
23606639,2018-08-09T04:00:00Z,"Our stay at Alexander’s apartment was good; we really liked the apartment and the services offered in the residence (pool, sauna, jacuzzi, etc.). I found the apartment beautiful, clean, and comfortable! Communication with Alexander was also good; he answered our questions in real time. I just wanted to warn people to be careful with the bed headboard panel, as it has an opening through which a driver’s license or even small objects like a earring can easily fall through – and once they’re inside the panel, you can’t retrieve them",8
23606639,2018-08-20T04:00:00Z,"The accommodation was incredible, with a fantastic location. Alexander was very quick to respond and assist us. Even before we booked, I asked about an iron, and he promptly bought one and made it available to us! We will definitely return for another stay",1
23606639,2018-09-03T04:00:00Z,"Excellent space, perfect for a couple, with impeccable cleanliness, close to the beaches of Barra and Recreio, and Riocentro. It’s difficult to find any faults with the property",9
23606639,2018-09-18T04:00:00Z,"This was definitely a perfect place for me – it was very quiet, they were very attentive to our needs, the weather was delicious, and the cleanliness was the best. The room had everything we required",8
23606639,2018-09-23T04:00:00Z,"Thank you for the space you offered. It made my stay in Rio much easier. A big hug and good luck, Alexander",2
23606639,2018-10-14T04:00:00Z,Excellent space. Exactly as it appears in the photos,8
23606639,2018-11-04T04:00:00Z,Very good,5
23606639,2018-12-27T05:00:00Z,The apartment was cozy and exactly as described. We really appreciated the understanding with the altered arrival and departure times,8
23606639,2019-01-31T05:00:00Z,"It’s very nice, I recommend it. Far from the center, but a very quiet place",6
23606639,2019-02-04T05:00:00Z,"It’s a cozy, clean, and well-ventilated apartment. It’s a very family-friendly condo",8
24955954,2018-06-11T04:00:00Z,"That person was very nice, kind, and welcoming",5
24955954,2018-08-12T04:00:00Z,The host canceled this reservation 5 days before arrival. This is an automated posting,1
2422745,2019-01-18T05:00:00Z,Our stay at Mnica,2
2464745,2014-07-08T04:00:00Z,"Telma was very special and very attentive to everything needed to have a pleasant stay. The place was very clean, tidy, and perfect. I highly recommend the apartment",8
25189566,2019-02-06T05:00:00Z,"The space is very comfortable and pleasant. My partner and I went there, and honestly, the place was perfect for us! The bed is very comfortable. It has everything you need. And the location is great! Everything is nearby! And Gustavo was very attentive throughout our stay! We had a wonderful time",9
24182390,2018-07-10T04:00:00Z,"Fantastic location right by the sea and close to markets and restaurants.

The house was incredibly clean and very comfortable!

The host is a lovely person; they respond very quickly and are super flexible with the check-in time. I loved staying there",9
24182390,2018-07-14T04:00:00Z,"This is a great location for those who love the beach... you can easily walk to both Copacabana and Ipanema. Francisco was very attentive, always promptly answering my questions about the city. He has a lot of freedom, as he’s out all day",8
24182390,2018-07-21T04:00:00Z,Nice place with a great location. Near to Ipanema and copacabana beaches. Francisco was kind with us,8
24182390,2018-08-26T04:00:00Z,"Timo was a welcoming host. The place was cozy and really beachfront-oriented, with a good location. I hope to return in another opportunity",8
24182390,2018-08-30T04:00:00Z,"Even though the stay was quick, it was great. It was well-located, clean and organized! Francisco was a very attentive host",8
24182390,2018-09-09T04:00:00Z,"Everything was perfect. I want to congratulate you on the speed of your responses and the helpful tips, for the cleanliness of the house, and for the incredible location. Everything was wonderful",1
24182390,2018-09-11T04:00:00Z,"Francisco was a well-attentive, kind host",7
24182390,2018-09-17T04:00:00Z,This apartment is simple but very well-located. Everything was clean and tastefully decorated,8
24182390,2018-09-24T04:00:00Z,"Timo Espão was very hospitable and attentive.

Cozy and well-located place. The building is located right in front of the beach and close to various places such as Copacabana, Arpoador, Ipanema, etc. It was definitely worth it",8
24182390,2018-09-27T04:00:00Z,"It’s a small space, but it’s well-located. The price/value ratio is good",6
24182390,2018-10-14T04:00:00Z,"The apartment was very charming and cozy, and the location was fantastic – right by the beach with plenty of shops nearby. Francisco was extremely attentive. There were a few unforeseen issues beyond our control, but he quickly resolved everything, ensuring that our trip went as smoothly as possible. It was truly a wonderful journey",8
24182390,2018-10-22T04:00:00Z,"We had a fantastic stay with Francisco. He was incredibly kind and always responded very quickly. The apartment is very, very well-located, right on the beach (you just cross the street). Everything we needed to do was with the Bike Ita, with several stations nearby. The apartment is small but ideal for anyone who wants to explore Rio and has a clean and accessible place to sleep. Everything was clean and organized when we arrived. We highly recommend it",1
24182390,2018-11-09T05:00:00Z,"This apartment is very well-located, good for those who want to be close to everything in Copacabana",6
24182390,2018-11-18T05:00:00Z,Everything was excellent! I highly recommend it,8
24182390,2018-11-22T05:00:00Z,"Francisco was fantastic, he helped us with everything we needed, attentive, careful, and helpful. The apartment is very well located – you just cross the street and you’re on the beach, close to post 5 which I love, everything was great, I highly recommend it",8
24182390,2018-11-29T05:00:00Z,"Very cozy, small but very comfortable, excellent location",8
24182390,2018-12-04T05:00:00Z,The host canceled this reservation 35 days before arrival. This is an automated posting,1
24182390,2018-12-06T05:00:00Z,"If you're looking to be just meters from the beach at a reasonable price, it's a good option",6
24182390,2018-12-14T05:00:00Z,"Small, but well-located. I recommend it",6
24182390,2018-12-18T05:00:00Z,"Francisco was very calm, the location was very good and everything you need is nearby. It’s not luxurious, but it has all the necessary amenities in the apartment. Thank you for making your space available to us, Francisco. See you at the next time",8
24182390,2019-01-18T05:00:00Z,The apartment is located well,5
24182390,2019-01-25T05:00:00Z,The location is very good. Francisco was very helpful and attentive to our concerns,6
24182390,2019-02-05T05:00:00Z,The apartment was exactly what we expected; it’s small but perfect for tourists and had everything essential for us to be comfortable. The concierge staff were very friendly and our host was very willing to help us with everything,8
24182390,2019-02-09T05:00:00Z,Totally recommended ;) :D,2
2515976,2019-02-04T05:00:00Z,I highly recommend it. I just want to go back,6
25183276,2018-06-02T04:00:00Z,"The host was very attentive, and the apartment was incredible",6
25183276,2019-01-03T05:00:00Z,Highly Recommended,3
24717812,2019-01-20T05:00:00Z,Excellent stay... everything was in perfect condition,8
24186376,2018-07-31T04:00:00Z,"This was a very pleasant stay, with the property exceptionally well-maintained and featuring details that really make a difference for the guest. The location was ideal – very close to everything – and I thank you for all the attention and hospitality you provided. I will definitely return",9
24186376,2019-01-03T05:00:00Z,"The accommodation was very good; it’s a great place, close to everything, and very cozy. I hope to return many more times",8
25377740,2018-07-14T04:00:00Z,"The apartment was fantastic!! The building has a huge pool and a very good restaurant, as well as a beauty salon and an area for children. However, the best thing about it was the location: it’s very close to restaurants, bakeries and supermarkets, and it’s right next to the lake and with several bus lines passing by. It completely exceeded all my expectations!! Don’t forget the host, Haline, who was incredibly friendly and helpful",9
25513422,2018-10-04T04:00:00Z,Great appartment with a perfect location in Copa. Absolutely recommended! Thanks Omar & Fernando,8
2569326,2016-08-22T04:00:00Z,This was a lovely and pretty apartment. It was wonderful to relax in the bed on the balcony. The hosts were friendly and attentive. We loved our stay. The condominium was well-equipped,8
25780094,2018-08-04T04:00:00Z,"The location is local, and it’s a secure location",6
25911135,2018-07-17T04:00:00Z,"The house is very spacious, exactly as described. The space is clean. The kitchen has the basic amenities. The towels and linens are clean and comfortable. The house is located in a quiet and private condominium. It’s very secure. We were very well welcomed; the host was available by phone the entire time to address all of our needs. She was very careful and attentive to every detail. I definitely recommend it. We will return other times",1
25911135,2018-08-12T04:00:00Z,"Excellent place, highly recommended. It’s a very comfortable and well-equipped home with spacious common areas, comfortable bedrooms, and an incredible gallery and pool",8
25911135,2018-08-20T04:00:00Z,I recommend this property to anyone who wants to come to Rio de Janeiro! I was very well received by the host; the entire house was clean and perfect! My friends and I loved the location! I highly recommend it,8
25911135,2018-09-09T04:00:00Z,"The host was very careful, attentive, available, and very pleasant. The house was quite hospitable, with linens and towels very well cared for.

I recommend it",8
25911135,2018-10-12T04:00:00Z,The Casa da Maria Vilma is fantastic! The stay was much better than my team expected. Great hospitality and a good location! I highly recommend it,8
25911135,2018-11-12T05:00:00Z,"I am extremely grateful and the house was incredible! The hospitality, attention to detail, cleanliness, and location were amazing. I loved the house, the pool, everything. You absolutely have to rent here without a doubt",1
25911135,2018-12-09T05:00:00Z,"This was a really good house, quite cozy and with a great location. The complex is fantastic and very secure. Moreover, Maria Vilma makes you feel very welcome and provides all the information you need. We had a great time",8
25911135,2019-01-20T05:00:00Z,I highly recommend it,5
26199936,2018-07-21T04:00:00Z,"The apartment was just as it appeared in the photos – very clean, cute, and extremely well-maintained, and the bathroom looked like it had been recently renovated. There was a supermarket, pharmacy, bakery, and restaurant on the street outside the apartment. It was an excellent stay. I highly recommend it",1
26199936,2018-07-22T04:00:00Z,"Great apartment in Leme, super close to the beach. Hosts were wonderful and very helpful when it came to leaving our bags / check out. fantastic",8
26199936,2018-08-12T04:00:00Z,"Excellent apartment, very well-located, with a parking space, and clean. The neighborhood is very quiet. The apartment corresponds very well to the photos. Cludia and Paula were very attentive and hospitable. I would definitely return and recommend it to everyone",9
26199936,2018-09-09T04:00:00Z,"The apartment was excellent, in a great location! Everything is nearby – there’s a bakery, supermarket, pharmacy, restaurants, and shops. The host’s responses were quick and they were attentive to all our questions. It was a great stay",8
26199936,2019-02-01T05:00:00Z,"Claudia was a fantastic host; she was always communicating with me and concerned about making our stay as pleasant as possible. The location was excellent and close to everything – bakeries, shops, supermarkets, pharmacies, beaches, taxis, and so on. We didn’t even need to take the car out of the garage. It was all great",8
26110157,2018-10-05T04:00:00Z,"What a great apartment.  Location is excellent (right in a the heart of Copacabana and very close to the beach). Lots of supermarkets nearby if you like to cook. 

The apartment looks like the photos.   Its quite big, especially the bedroom. There is a small foyer near the door where an extra person can sleep on the sofa (with doors that close for privacy).

The kitchen is basic with some plates and cutlery. There is also a small fridge and microwave. 

The bedroom is really big and spacious.  It has a huge window that opens up to let in a nice breeze.  There is also an AC unit that cools down the place wonderfully. 

Strong WiFi (it never cut out). The building also has a doorman for extra security. 

This apartment is professionally run so you collect the keys from their Ipanema office (about a $3 Uber ride away). 

Excellent value for money and a great location",9
26110157,2019-01-16T05:00:00Z,"You really need to read and coordinate the arrival well, as the host was never present. They didn’t respond to any messages. My family and I waited over 30 minutes before we were told to go to an agency to pick up the keys. No one at the building knew Mario. The ventilation was lacking, as the apartment wasn’t working properly with the heat and humidity at the beginning – that needs improvement. The apartment is exactly as it appears in the photos. It has an excellent location and is comfortable, the appliances work well, and I had no problems with the internet",4
26463049,2018-07-08T04:00:00Z,"This is a fantastic local place, an extremely cozy house. The host is excellent – I highly recommend it",8
26463049,2018-07-17T04:00:00Z,"The host was very helpful and nice, the location was wonderful. I highly recommend it",8
26463049,2018-07-22T04:00:00Z,"Excellent host. The apartment had everything we needed. The location was very good, very close to the beach. I recommend it",8
26463049,2018-09-09T04:00:00Z,"The apartment was excellent for a couple; it was very well-located (next to a bakery, restaurants, and an Americanas Express store) and was just 4 minutes walking distance from the beach. The size was ideal for two people, with a ceiling fan in both bedrooms and air conditioning in the bedroom (we didn’t use it, as it wasn’t hot and the apartment was very well-ventilated).

The property had all the kitchen utensils we needed, and even some unexpected ones like coffee beans and honey – but it didn’t have a microwave, which wasn’t a problem for us.

The bathroom was clean, spacious, and well-maintained – just like the rest of the apartment, which was old but very well cared for.

We loved our stay and will definitely return",9
26463049,2018-09-24T04:00:00Z,"Excellent location, very close to the beach and the metro station. Everything was very clean and organized, and Tereza promptly answers any questions! I recommend it, ideal for a couple",9
26463049,2018-10-07T04:00:00Z,"The apartment is very well located in a super cool neighborhood of Copacabana, close to everything – the beach, the metro, supermarkets, and basically everything you need. The check-in and check-out process was simple and straightforward, and the building staff were very nice and helpful. I really enjoyed the experience and would definitely return",8
26463049,2018-10-28T04:00:00Z,The location is local. The space is well-distributed. It’s a family-friendly property,6
26463049,2018-11-19T05:00:00Z,"I stayed at Tereza’s apartment during the holiday and I have only good things to say. Communication was quick, the location was great, everything was super clean and tidy, the apartment was a great size. Basically, I only have praise to leave",9
26463049,2019-01-02T05:00:00Z,"The location is very good, just 3 blocks from Post 4 of Copacabana and close to the metro and easy access. There’s a doorman 24 hours a day, and the street is safe in that area. Tereza quickly and kindly answered our questions and inquiries. The apartment is as it appears in the photos, but it could benefit from a little modernization; nevertheless, it’s a perfectly suitable space for using as a base and exploring the city",8
26463049,2019-01-07T05:00:00Z,"Easy access to beaches, restaurants, markets, and bakeries. Excellent location, the apartment is extremely clean and has everything you need. Check-in was very easy and communication was very good. I recommend it in all aspects",9
26463049,2019-01-13T05:00:00Z,Excellent stay. Host Tereza was very nice and precise with the information. I hope to return on future trips,8
26463049,2019-01-20T05:00:00Z,"The apartment of Tereza was very clean and organized. The beds were incredibly smelly. And it’s in a great location, with everything nearby, including the beach",3
2683147,2019-02-05T05:00:00Z,The location really is perfect!! There was a great food place just a block up that we ate at almost everyday and grocery store nearby! Even a place right across the street to load data on to our phones when ever we needed,8
2681380,2019-01-28T05:00:00Z,"Paula was a great host; the apartment was perfect when we arrived. The doormen were very attentive, and the location was excellent. I highly recommend it to everyone! She responded quickly to all my questions, including tips for good beaches. The sofa bed was comfortable, but I thought it was a little old, and the apartment perfectly accommodates 4 people",8
26607708,2018-09-09T04:00:00Z,"We had no complaints about the place. The apartment was good and in a great location. However, we had a problem regarding the check-out time, which wasn’t honored by the host. We were left stranded because we had to leave the property before the agreed-upon time and were left on the street with nowhere to go. We had purchased our tickets according to the agreed-upon schedule, and then we had to leave at the request of André’s mother (who wasn’t even our host). And if we had wanted to stay later, she would have charged us a stipulated fee outside of the app",2
26816279,2018-08-13T04:00:00Z,"Great apartment! Excellent location... fantastic! Briefly, Rioooo",2
26816279,2018-09-24T04:00:00Z,"Excellent communication, service, and location! I would return without hesitation",8
26816279,2018-11-06T05:00:00Z,The location is excellent and the hospitality is fantastic,6
26816279,2018-11-13T05:00:00Z,Very nice and gentle Hosts. apartment is at a very good location and i felt very safe with the 24 hours safty men at the reception. Carlos and Vitor take realy care after there guests. thanks and i will come again to your place,8
26816279,2019-01-03T05:00:00Z,Great location,5
26816279,2019-01-20T05:00:00Z,Excellent host,5
26816279,2019-01-28T05:00:00Z,"The apartment is exactly as it appears in the photos.

The bed was very good. There was too much light and heat in the mornings. The air conditioning was good.

This is a small but very powerful heladero.

Of the two elevators, only one worked and we were stuck for 20 minutes because the alarm wasn’t functioning.

The location is one block from Copacabana beach and near Ipanema, we walked to the property. The area is a little unsafe at night, with lots of people sleeping on the street and groups of young people stealing things.

We were unable to check in or out at the scheduled time without having the pleasure of meeting the hosts",4
26816279,2019-02-04T05:00:00Z,"It’s very well located, with nearby shops and security throughout the night",6
27012681,2018-08-13T04:00:00Z,Exceptional location and hospitality! I recommend it,6
27012681,2018-10-19T04:00:00Z,"The location is perfect, right on the beach, and you have everything very close by. In the evenings, you can enjoy the music from the local beach bars. The apartment is huge and has everything necessary for a pleasant and comfortable stay. Felipe was very friendly and kind.

We will definitely be returning",9
27012681,2018-12-09T05:00:00Z,The apartment is fantastic; its location is privileged and the view is incredible. I recommend the accommodation,8
27012681,2018-12-27T05:00:00Z,"It was a wonderful place! I really liked the location with a beautiful, stunning view of the beach.

The apartment is incredibly spacious, with everything you need to have a fantastic holiday.

I would definitely stay there again on my next visit to Rio de Janeiro",8
2686100,2017-09-27T04:00:00Z,Excellent apartment and excellent communication,8
26427671,2019-01-03T05:00:00Z,"I loved staying with Jana and Leo! They were amazing people and really friendly. The house is beautiful, the room was comfortable, and the location is close to everything",8
26427671,2019-01-05T05:00:00Z,"My stay at the house was excellent! The photos really do capture how cozy, beautiful, comfortable, and uplifting the space is. Thank you so much for welcoming us so warmly and helping us feel like less lost tourists! I highly recommend it",8
27568440,2019-01-01T05:00:00Z,"Everything was perfect; it completely matched the advertisement. The property is close to everything, and Guilherme was super attentive. I highly recommend it",9
297908,2016-08-19T04:00:00Z,Eduardo and Raimundo were excellent hosts. Such warm and loving people. They made sure our trip was as comfortable as possible and provided great restaurant recommendations. My and sister and I felt right at home. The apartment is in a great location and only a short walk to Lapa. I would definitely recommend staying here,8
2875373,2018-12-26T05:00:00Z,"Marcos’ apartment is very pleasant; it has an unbeatable location – you can walk to Copacabana and Ipanema, and the metro station is literally right in front of it, making it easy to take any transport. Marcos is a very kind and attentive host, always ready to help with requests or offer advice. The apartment has everything you need and more. We spent Christmas in the apartment, and Marcos allowed us to prepare a full dinner, plus he gifted us a bottle of champagne. Highly recommended",1
2858519,2018-01-24T05:00:00Z,"The best thing about the apartment is the location – it’s right on a beautiful, quiet, and family-friendly beach, and just one block from Av. Olegario Maciel, a very popular avenue with restaurants, bars, and shops, which is very busy.

The building is very nice and has a heated pool that the children loved, especially because it isn’t deep and they could play.

The apartment has a very large living room and kitchen, but the bedrooms are small. The best thing is that it has five bathrooms with very good water pressure and temperature – we could all shave at the same time without any problems.

It has a nice balcony with a sea view (but a safety net ruins the view a little).

The apartment isn’t luxurious in its décor; it’s exactly as it appears in the photos. It’s basic, with somewhat old furniture and a mix of styles.

The air quality was poor, but Frank was very helpful and temporarily resolved the problem.

We were 11 people, and I recommend it for 8 or at most 9, as we were a little cramped.

Recommended for those who aren't looking for luxury but do want good service and location",8
2858519,2018-03-26T04:00:00Z,"The apartment is very large and comfortable, and the location is unbeatable. It’s right across from the beach and just a few blocks from the Barra da Tijuca center. I recommend it",8
2858519,2018-04-03T04:00:00Z,"We went on a trip with friends. The apartment has a prime location, right at the beachfront with a great view. You can also walk to Olegario Maciel, a street with shops and nightlife (bars and restaurants).

The apartment is spacious, however, the furniture and fixtures are neglected and old.

The host, Frank, is a great person – we were always in communication. However, he wasn’t able to receive us",6
2858519,2018-05-02T04:00:00Z,The place is spectacular. The location is excellent. The apartment is very comfortable and the host is flexible. There were no issues whatsoever,8
2858519,2018-05-29T04:00:00Z,"The apartment has a very good location, but it’s in very poor condition with little to no maintenance or renovation of the faucets",4
2858519,2019-01-13T05:00:00Z,All right,4
29856236,2019-01-01T05:00:00Z,Andrea was very attentive and helpful,6
27573376,2018-09-23T04:00:00Z,"I loved my stay in Rio with the Airbnb. The host was incredibly attentive and offered a lot of hospitality. The apartment was well-located, clean, and had access to a gym, pool, hot tub, and sauna, and it was right on the beach! I’ll definitely be returning",8
27573376,2018-11-21T05:00:00Z,"The apartment is very beautiful, very well decorated and super functional; really, the location is incredible and the amenities of the complex can’t be better. 100% recommended and Leticia is an excellent host",1
27573376,2019-01-17T05:00:00Z,"The apartment is renovated, very pleasant and well-decorated, and has everything you need, including a kitchen, microwave, coffee maker, and beach service.

We definitely will be returning",9
27573376,2019-02-03T05:00:00Z,"The apartment is very lovely and comfortable, just as the photos advertised. Leticia’s attention was excellent; she was always available to answer any questions. The location is exceptional. I highly recommend it",9
296910,2017-09-26T04:00:00Z,Excellent physical space and location. The hosts are friendly and willing to help,8
2889440,2016-08-07T04:00:00Z,The apartment has a great location in a safe and easily accessible area. The hosts were very attentive and kind. It was a fantastic experience,8
2889440,2016-08-14T04:00:00Z,"The hosts were kind and helpful, ensuring excellent hospitality. The apartment is very good, in a very pleasant location.

This was my first Airbnb experience and I was very surprised by the benefits of this option. It was great",8
2889440,2016-08-21T04:00:00Z,"A great experience, amazing location, safe area, very good apartment and unbelievable hosts.
Congratulations Angela and Evaristo, see you next time",8
2889440,2017-02-28T05:00:00Z,"We loved staying at Ngela’s house. It was a cozy, organized house, and she provided us with towels, linens, and some food for breakfast, as well as a little gift – a chocolate for each of us in every pillow. She was very quick in her responses and very flexible with the check-in and check-out times",9
29764623,2019-01-06T05:00:00Z,"This apartment is very well-maintained with many details to make your stay comfortable. I wholeheartedly recommend it, and we’re sure to return. If you’re looking for accommodation, don’t hesitate. It’s excellent",8
2851471,2019-01-31T05:00:00Z,"It’s a nice apartment, well-located and well-equipped. The rooms are comfortable and the air conditioning works well. The only thing I’d say is that if your family is large (like mine) and needs two bathrooms, this apartment isn’t a good option. It has a good bathroom, but the",6
2949309,2016-08-21T04:00:00Z,"Excellent! From the first day, Guilherme was completely at our disposal to ensure our stay was excellent. In fact, one evening at 11 pm, we had an issue with the lock and he arrived at the apartment 10 minutes after he was notified and solved our problem. The location of the apartment is unbeatable, just one block from the metro and with several bars and restaurants",9
2769600,2019-01-05T05:00:00Z,"This is a large apartment with an excellent location, where everything you need is very close by – literally just a few steps from Arpoador beach and Copacabana. I highly recommend it",8
2993875,2018-07-02T04:00:00Z,It was quite bright due to the sunlight and spacious,6
30171277,2019-01-03T05:00:00Z,"The space was exactly as in the advertisement, without any surprises; it was very clean and organized. Simple, but with everything necessary for a time in Rio",8
30171277,2019-01-10T05:00:00Z,"The place was absolutely awful. It was centrally located and in excellent condition. You have everything nearby – the bus, the subway, the shops. The hosts are very friendly and always willing to help you. I’m very happy and I’m sure I’ll return. I recommend it 100",2
30171277,2019-01-16T05:00:00Z,"Our stay was great; the property had everything we needed – a good bed, a shower, and kitchen utensils. The location was excellent, close to the beach, markets, pharmacies, bakeries, and next to the metro.

Everything was clean and organized upon our arrival, the hosts were completely available and accessible, and they were very flexible regarding check-in and check-out. I have nothing but praise for Angela and her husband, who were not only incredibly polite and kind, but also very accommodating. I hope to stay there again",9
30171277,2019-01-28T05:00:00Z,"It was a very comfortable space, I highly recommend it. The hosts were incredibly kind and welcoming, and it was one of the best places I’ve ever stayed",8
30537041,2019-01-01T05:00:00Z,"This apartment has a wonderful view of Christ the Redeemer, and I highly recommend it. It’s very easy to access the beach and tourist attractions, and it’s perfect for couples with children",8
30083901,2018-11-28T05:00:00Z,"The Communication with Marcella was good. The Apartment is near the Metro and the Copacabana. Everything is handled by walk (supermarket, beach, restaurants etc",8
30083901,2018-12-02T05:00:00Z,It was a wonderful location and excellent value for money during our stay. The space was perfect and met all our expectations! I’ll definitely return whenever I can…,8
30083901,2019-01-03T05:00:00Z,"Marcella’s space has a fantastic location, very close to pharmacies, markets, and restaurants, and even better, it’s between the top Copacabana and Ipanema beaches",8
30083901,2019-01-16T05:00:00Z,The location is local,4
30032152,2018-12-30T05:00:00Z,"The apartment is very clean and well-equipped; nothing is missing! It has a great location and the street is very quiet. However, there’s a problem: because it’s on the fourth floor and the building doesn’t have an elevator, it can be a little complicated for young children or elderly people.

Andrea was a fantastic host and showed great availability the whole time",8
30032152,2019-01-06T05:00:00Z,"The apartment is perfectly located in a very nice and quiet residential area, it’s very secure! Our host was attentive and always responding to our questions! I would definitely recommend the place! I would return without hesitation",9
30092212,2019-01-05T05:00:00Z,"We had an excellent stay. The neighborhood is very quiet and safe. The apartment is as lovely as it appears in the photos, full of tasteful details, and it was very clean with everything we needed. Silvia was the best host. She welcomed us in a very loving way and gave us a beautiful gift to take as a memento. She prepared a map with the best points of interest, tailored to our tastes, and she was available to us for anything we needed. She made our stay in Ro unforgettable",1
30531901,2018-12-05T05:00:00Z,The host canceled this reservation 25 days before arrival. This is an automated posting,1
30531901,2018-12-31T05:00:00Z,"Maria welcomed us very well! The apartment was very cozy and clean. The neighborhood was fantastic, close to restaurants, markets, and bakeries. My parents and I loved it",8
30561422,2019-01-02T05:00:00Z,"The apartment was in excellent condition, in an excellent location, a safe area, close to bars, a bakery, restaurants, and a supermarket. The host, Mr. Valter, provided cordial and impeccable attention. All appliances were available and in perfect working order. The apartment was very clean, the bathroom was comfortable, and you were provided with bed linen, soap, toothpaste, and bottled water upon arrival. There were multiple copies of the keys, and the apartment comfortably accommodates 4 people, including a double bed in a separate bedroom with air conditioning, and a sofa bed in the living room with a ceiling fan. I would definitely like to return to this apartment when I go back to Rio. Excellent",1
3040870,2018-03-31T04:00:00Z,The condo was marvelous! It was breathtaking and the location was picturesque. We felt like we had stepped into paradise! It had everything we could need and was located directly across the street from the beach. An adundance of restaurants are in the area. We couldnt find fault in John,6
3013098,2017-01-30T05:00:00Z,"Beautiful apartment, just as it was described! It’s two blocks from the beach and half a block from a commercial avenue. Melina provided excellent service and a quick response",8
3090578,2015-08-26T04:00:00Z,The host canceled this reservation 353 days before arrival. This is an automated posting,1
30756696,2019-01-05T05:00:00Z,"Excellent apartment, great location, Patricia was very attentive to our needs",8
30926186,2019-01-01T05:00:00Z,The reception was extremely wonderful; we loved the environment and the host’s hospitality! We definitely loved it and will return,6
31670584,2019-01-31T05:00:00Z,"Localization couldn’t have been better, just one block from the beach, excellent value for money! Ideal apartment for a couple, with everything you need. Highly recommend",8
3190976,2019-01-06T05:00:00Z,"Well located in Ipanema, close to everything. Secure building with a 24/7 guard",8
31598034,2019-01-22T05:00:00Z,The host canceled this reservation 36 days before arrival. This is an automated posting,1
3113661,2016-08-12T04:00:00Z,"Good evening, I highly recommend it. Carlos is a fantastic host, attentive and a really nice guy, always available when you need any information. The apartment and room are super comfortable and in a great location. Congratulations, Carlos, and thank you for your trust in me",8
3113661,2016-08-15T04:00:00Z,"The neighborhood is good, with easy access to two metro stations. The stay was wonderful; the place is beautiful and the host’s hospitality couldn’t have been better",8
3113661,2018-03-19T04:00:00Z,"Carlos was very nice, friendly, and incredibly helpful, going above and beyond to assist us even before we arrived in Rio, organizing a party and giving us fantastic tips about the city. The apartment was super cozy, clean, and well-decorated. Our experience in Rio was fantastic, and a large part of that was thanks to our host",9
31506064,2019-01-19T05:00:00Z,"The apartment is well-located and very close to the beach. The accommodation was quite pleasant. However, the apartment is very small and very hot, because there isn’t a fan or air conditioning. It was difficult to sleep when it was so hot. The apartment was a little dirty when I arrived and the internet wasn’t working, as described in the listing",6
31506064,2019-01-24T05:00:00Z,The host canceled this reservation 34 days before arrival. This is an automated posting,1
316355,2017-03-01T05:00:00Z,"Excellent location. Very attentive, always responding to questions when needed. I recommend it",8
31123905,2019-01-02T05:00:00Z,"2 Brazilian friends and I decided to go to Rio for Rveillon. We came across this posting for Edilbertos accommodations and reached out. He was very responsive and very helpful. The apartment was spacious, clean, with all the amenities needed for our 3 day stay. It is in a safe area, which is key in Rio, and literally walking distance from the subway which was perfect to get around. On Sundays there is a farmers market which is right outside, bringing local fruits, vegetables, and meats. In addition there are supermarkets along with sit down and fast food restaurants within walking distance. Also an Uber makes anything accessible. I would definitely stay with Edilberto again. I found him pleasant, friendly, and accommodating. 

Eu e mais dois amigos brasileiros decidimos ir para o Rio de Janeiro passar o Rveillon. Encontramos este apartamento do Edilberto. Um apartamento espaoso, limpo e com todas as comodidades necessrias para a nossa estadia de 3 dias. Situado na Tijuca em uma rea residencial segura, o que  fundamental no Rio, e com a convenincia do metr acessvel 3 quadras do endereo. Aos domingos, acontece uma feira de produtores na rua logo em frente, com frutas, verduras, legumes e carnes... Alm disso, existem supermercados, padarias e restaurantes a uma curta distncia. O Uber tambm faz qualquer lugar acessvel. Eu definitivamente ficaria hospedado no apartamento do Edilberto novamente. Um anfitrio agradvel, amigvel e complacente",9
31123905,2019-01-15T05:00:00Z,"It was a very pleasant place in every sense. The neighborhood itself, the location, the apartment, the comfort, and the ease of access to both airports were all excellent – a strategic location, especially for someone like me and my family who loves going to the best samba venues in Rio de Janeiro!

We loved it and whenever we return to Rio, we’ll try to book at the apartment in the Edilberto building again",9
31123905,2019-01-20T05:00:00Z,"Mr. Edilberto was very nice and prompt. The building and location are super quiet and it’s very close to the metro. The apartment was super clean and spacious, it was great for spending the night with my family",9
3208863,2018-11-27T05:00:00Z,"Looking for accommodation in Rio? This apartment is fantastic – the hospitality, location, comfort, and amenities are all excellent. The host took care of everything, and we received lovely little extras; we didn’t encounter any problems at all. He gave us great tips for tourism and using the objects. I highly recommend it",9
3147146,2019-01-02T05:00:00Z,"The location is extremely good and well-located, very clean and well-maintained. Jaime Perdigao was an excellent host; everything he wrote was as agreed upon, and he provided great support, allowing us to arrive earlier and leave later than the agreed-upon times, showing great flexibility! We will return as soon as possible. It was definitely worth it",9
313223,2019-01-26T05:00:00Z,"Anfitrin was attentive to all inquiries and needs at all times. The apartment was well-maintained and clean. The bedroom is large and comfortable, with plenty of space for storing clothes. The air conditioning works correctly.

The Wi-Fi works well. The kitchen is small, with very little space for cooking, but it has everything you need. There is no oven. The laundry room is also small, but complete. There are two bathrooms, the larger one is complete and spacious. There’s an LCD in the bedroom and dining room, and the cable service works correctly.

It’s an interior apartment, so there’s limited lighting in the dining room.

The location of the apartment is perfect.

The subway is half a block away, as is the supermarket. It’s not very safe to go out at night; it’s advisable to order an Uber from the building’s entrance. The building entrance is secure.

Recommended, would return",8
3155979,2016-08-21T04:00:00Z,"This apartment was great! It’s located on the 18th floor and has been completely renovated, comfortably accommodating 2-3 people. Luiz was an excellent host! He answered all my requests before my arrival and there were no issues during my stay. The apartment is just two minutes from the Cinelândia metro station, with numerous restaurants, bars, and a market nearby. However, there’s a constant noise from the surrounding area, as Cinelândia is a very busy part of Rio de Janeiro. I would return and recommend it to everyone, definitely",8
310233,2019-01-05T05:00:00Z,Great location and just very very comfortable,6
31058753,2019-01-01T05:00:00Z,"Giseles place is very cozy and clean.
Air conditioning in both bedrooms and living room was very helpful, as much as the first aid kit (my wife cut her finger with a knife at the kitchen).
Its location is very good - less than 5 minutes by walking from So Salvador Square (good music and bars at night) and 10 minutes from subway station (Flamengo or Largo do Machado).
We could park our car on the street in front of the apartment every time we needed and take a little walk in the neighborhood at night (very quiet and safe",9
3173305,2016-07-08T04:00:00Z,"My stay in Vnia’s apartment was the best possible. The neighborhood is pleasant, the apartment is well-maintained and equipped, it’s next to the metro, and the host was friendly and generous. I recommend it, and I’m hoping to stay there again",9
3114202,2015-02-18T05:00:00Z,"Everything was excellent. Catarina was very good at looking after us; she’s a truly excellent host! The apartment is in a very comfortable location for exploring all of Rio de Janeiro, and it’s also very comfortable to live in. It’s highly recommended",9
3114202,2015-07-12T04:00:00Z,"It went well, within expectations. I already knew the neighborhood and the area; both are privileged locations. Catarina was an excellent host – she was kind and attentive",6
3114202,2015-09-17T04:00:00Z,"The apartment is very nice, well-decorated, and has an incredible view of the sea and the mountains. All the appliances are in perfect working order.

The host is very friendly and helpful with any questions you might have.

The neighborhood is safe and has all kinds of shops, restaurants, a subway, and buses",9
3114202,2015-10-09T04:00:00Z,"This was the perfect place for my recent stay in Rio.  The view is really amazing, and the neighborhood was just what I was looking for.  The apartment is cozy and has everything you might need.  Catarina is a wonderful host, kind and easy to communicate with.  She made me feel very welcome with her hospitality.  I can definitely recommend her home to other travelers",8
3114202,2015-12-13T05:00:00Z,"Muito bom apartamento, limpo, elegante, tudo funciona bem. Mas a melhor coisa  a localizao - na minha opinio, no h muitos melhores localizaes no Rio. Catarina foi simptica e prestativa e comunicao foi bom.

Very nice apartment, clean, stylish, everything works well. But the best thing is the location - in my opinion, there are not many better locations in Rio. Catarina was friendly and helpful and communication was good",8
3114202,2016-01-24T05:00:00Z,We had a great time staying in the apartment! The view is indeed beautiful and the apartment has everything you need! Catarina went out of her way to ensure we had were able to navigate to and from the apartment with no issues. Flamengo is a great neighborhood. Highly recommend the apartment and the hostess,8
3114202,2017-02-23T05:00:00Z,"I stayed at Catarina’s apartment for two months, and it was a fantastic stay. There was nothing to complain about. The apartment has a fantastic view, is comfortable, close to the beach, restaurants, and public transport. Catarina is also a wonderful host, very attentive. I recommend it and would return again",9
3114202,2017-09-16T04:00:00Z,"Catarina was very welcoming and nice: she gave us many advices to have a great stay.
The flat is comfortable with everything we need, and it is so close to the Flamengo beach",8
3114202,2018-02-15T05:00:00Z,"We were warmly welcomed and the location was great (close to restaurants, banks, the Catete metro station, and a supermarket). I would definitely rent there again",8
3114202,2019-01-05T05:00:00Z,The host canceled this reservation 56 days before arrival. This is an automated posting,1
31099467,2019-01-02T05:00:00Z,"It was very moldy and very dirty. The location was good, but Mr. Celmo was very kind, however his accommodation was abandoned",2
3220673,2016-08-17T04:00:00Z,Great host!\nVery good and detailed introduction with plenty of information on local and surrounding areas.\nApartment was good with everything that was needed and in a great location,8
323213,2018-02-13T05:00:00Z,"Giane is a lovely person, but she has two dogs living full time in her tiny apartment.  One is very old, sick and can",1
3210248,2015-12-24T05:00:00Z,I loved the apartment! It’s super well-located and very modern. Bruno was incredibly attentive and we didn’t lack for anything. I plan to return whenever I need somewhere to stay,8
3210248,2016-04-04T04:00:00Z,"The apartment is the best option in Barra, it has a great location, walking distance from supermarket, shopping centers & the beach. I have a great time, the facilities in the apartment are complete and Bruno is always taking care of everything, I stay for 5 weeks and we were always in contact to see if I have everything I need. I fully recommend it, I have a great time and with everything I need in this location. Bruno thanks for everything, I really appreciate your support",1
3210248,2016-07-28T04:00:00Z,The attention given by Bruno was truly the differentiating factor,5
3210248,2016-08-06T04:00:00Z,Excellent!! Everything Perfect!!! I highly recommend it,6
3210248,2016-08-08T04:00:00Z,"Bruno was very attentive, responding quickly to messages and sending several tips about the area before the trip. The apartment was clean and tidy, and it’s well-located, with easy access to public transport, a market, a pharmacy, and a bank. It’s definitely a good option for staying in Barra",9
3210248,2016-08-13T04:00:00Z,"Our stay at Bruno’s apartment was great; it was practical and had everything we needed for a few days away from home.

It’s very well located, next to the pharmacy, supermarkets, and shopping centers, just 3 minutes from the BRT station, and close to the main events of the Rio 2016 Olympics.

It offers a beautiful view, is well-ventilated, well-lit, and clean, which I consider a very important factor.

The internet and TV work very well, the bed is very comfortable and the wardrobe is empty and has hangers.

Bruno was very attentive to our needs and provided us with all the information before we even arrived in Rio, which greatly facilitated our days.

My husband and I liked it and we stayed there again without a doubt",9
3210248,2016-08-21T04:00:00Z,"The apartment is just as described - the bed was fabulous!  The host was really responsive unfortunately we did have some issues getting into the apartment and the door alarm going off several times.  However, Bruno did fix these things straight away.  It would have been helpful to know you go down the side street prior to the address to gain access to the building.  It was perfect for us as we were attending the Olympics and even managed a walk to the beach not far away.
Thanks very much Bruno",7
3210248,2016-09-26T04:00:00Z,"Thank you so much for everything, Bruno! I'll take the champagne next time! The location was really great",6
3210248,2016-12-07T05:00:00Z,"The apartment is very well-located, close to the market, pharmacy, bakery, restaurants, and shopping mall (you can do everything there).

It’s located near the BRT (bus rapid transit) system. And from the BRT, you can get to the metro in 5 minutes. For those who want to go to the southern zone, it’s a faster way.

Bruno was very attentive, and he was available whenever I needed to speak with him",8
3210248,2016-12-23T05:00:00Z,"The space is great, exactly as described and without any surprises.

It’s a good neighborhood for those seeking tranquility, with many options for markets, restaurants, shops, and shopping centers, and easy access to other neighborhoods via public transport.

If you arrive by car, the heavy traffic during the business hours can be an inconvenience.

Don't hesitate – Voltaria for Bruno's space without a second thought",8
3210248,2017-01-01T05:00:00Z,"The entire process was perfect. Despite not having any in-person contact, all requests made before and during the stay were handled to our satisfaction. The apartment offers everything you need in a large city like Rio de Janeiro. It really feels like you’re at home. It’s super cozy and practical. It’s close to the main Barra metro station, a supermarket, and major shopping centers. We can’t wait to return",9
3210248,2017-05-12T04:00:00Z,"Great place, near brt, subway, beach, malls. Apartment was impeccable",8
3210248,2017-10-14T04:00:00Z,The apartment was super clean and organized. I loved my experience and would definitely return and recommend it,9
3210248,2017-12-08T05:00:00Z,"The space is great, full of practicality for everyday use, especially for longer stays. Bruno is an exemplary host and the location of the apartment is excellent. The bed is comfortable, the kitchen has everything you need to cook and enjoy a good coffee. It’s a shame the condominium doesn’t allow use of the gym, but everyone is very nice and helpful. I recommend it wholeheartedly",8
3210248,2018-01-07T05:00:00Z,"The place was very good – simple and lovely. The bed is large and comfortable, and there’s also a sofa bed in the living room that’s comfortable for sleeping. The kitchen is functional, there’s internet, a gas shower, and nothing is missing.

The view is really cool, and the location is also good. It’s close to shopping malls and supermarkets. It takes about 15 minutes to walk to the beach, but it’s better to go by car. To use the pool and gym, you need a medical certificate",8
3210248,2018-01-28T05:00:00Z,"For those looking in Barra da Tijuca, this place, called Timo Imvel, is well-located and the host’s contact is impeccable",8
3210248,2018-06-30T04:00:00Z,Excellent! Everything went smoothly and the host was very attentive,8
3210248,2018-07-13T04:00:00Z,"The Timo apartment is comfortable and well-located. Despite being next to a busy avenue, you don’t hear any noise when you try to sleep. I recommend Bruno’s space",6
3210248,2018-12-23T05:00:00Z,Immaculate. I hope to return soon. Everything was perfect from the service to the location,9
3210248,2019-01-02T05:00:00Z,"The location is convenient, and communication with Bruno was perfect. The service was prompt, the building is quiet, the doormen were very nice and helpful. I will definitely book again. Thank you, Bruno",8
3210248,2019-01-09T05:00:00Z,Incredible location and convenience – I’ll definitely be returning soon,6
3210248,2019-01-14T05:00:00Z,"The location was very good, close to the beach and shops. The apartment was wonderful! It was very clean and organized. Bruno was very helpful. I really want to return",9
3210248,2019-01-28T05:00:00Z,"Nice and comfortable apartment. The communication with Bruno was excellent; he was very helpful. The check-in and check-out were very easy, as the door is keycode access. The only thing to highlight is that it was a little further from the beach than we thought (20 minutes walking), but very close to the supermarket and public transport",8
332150,2019-01-20T05:00:00Z,"No complaints at all! Excellent stay, the host was kind, professional, and helpful. Stunning view! Incredible pool",8
336569,2019-01-20T05:00:00Z,I really enjoyed my stay in this cute cozy yet spacious apartment with the greatest view! Definitely recommend it,8
3448897,2019-01-28T05:00:00Z,"It was clean and tidy, with all necessary utensils perfectly located near the beach",8
3374964,2014-10-27T04:00:00Z,"We had incredible days in Gustavo’s apartment! As soon as I arrived in Rio, he sent me a message welcoming me and offering his assistance. The apartment is well-equipped, the building is nice, and the staff are very kind. We stayed with 5 people comfortably. The location was sensational, which made getting around Rio much easier. Furthermore, it’s located right in front of the police battalion, which made us feel very safe. We really enjoyed the experience and are already discussing a future visit. Thank you",9
3374964,2015-09-12T04:00:00Z,"The host was very available and attentive. The apartment is superbly located in the city center, close to everything, and very cozy – much better than the photos! Highly recommended",8
3374964,2015-10-16T04:00:00Z,"The accommodation was incredibly peaceful. The host was very helpful and easy to communicate with. The apartment is well-located and comfortable. I recommend it for families and groups. If I return to Rio, I will definitely stay there again",8
3374964,2016-01-06T05:00:00Z,"Gustavo was a fantastic host, from the beginning of the negotiation until the very end of our stay; he was always available and helpful. The apartment was simply perfect, exactly as described – cozy, and best of all, at a very reasonable price! We felt right at home! Lapa is a complete madhouse, as anyone who knows it understands; I think it’s only recommended for people who don’t get very little sleep, as we had no problems at all and we will definitely stay there again next time",8
3374964,2016-02-03T05:00:00Z,"My friend and four other friends stayed in Gustavo’s apartment for 5 nights. The apartment was exactly as advertised and accommodated all of us as expected. Gustavo was very helpful in adjusting to our flight schedules, which made things easier. Because it’s located near a busy avenue, the apartment could be quite noisy at times, but with the hustle and bustle before the carnival, the noise wasn’t an inconvenience for us. The location is excellent, very close to the lively bars of Lapa and also close to the Cinelândia metro station, which makes it very easy to go to the beaches during the day",8
3374964,2016-08-22T04:00:00Z,"Gustavo, our host, was a 1000! He was extremely polite and helpful with everything we requested, always ready to assist and provide information. It was a real shame we couldn’t meet him in person…

This apartment, although small (which doesn’t matter since we only used it one night), is very well-located. It has all the necessary equipment and utensils for a good stay, and we didn’t worry about [Website hidden by Airbnb] – we’re certain we’ll return and will recommend it to other contacts who want to go to Rio de Janeiro",8
3374964,2016-09-21T04:00:00Z,"I mentioned a few things to Gustavo that need to be changed, the apartment is well-located, we had a lot of freedom, and the people who work in the building were also fantastic!!! See you at the next one!!! Thank you for everything",7
3374964,2016-09-25T04:00:00Z,"The apartment is very pleasant and very well-located, close to the metro and the Cinelndia parking lot. It didn’t leave anything to be desired and exceeded expectations",8
3374964,2016-11-28T05:00:00Z,The host canceled this reservation 28 days before arrival. This is an automated posting,1
3374964,2016-12-11T05:00:00Z,"The AP has an excellent location, the beds are very comfortable. My friends and I rented the house because of a show at the Circo Voador, and for that purpose the location was extraordinary – we were at our destination in just one minute. Besides being adjacent to the arches of Lapa and very close to the metro and other establishments, it all contributed to a fantastic stay",8
3374964,2016-12-13T05:00:00Z,"The apartment was very clean and organized. All four corners of the apartment were spotless! Communication was always quick and clear. Gustavo is a very attentive and flexible host. There are two bedrooms, both with air conditioning. The Wi-Fi works perfectly. The apartment is well-located, just a few meters from the Arcos da Lapa. As I needed to go to the American Consulate of RJ, I only had to walk 10 minutes. I recommend it for any friend or family member",1
3374964,2016-12-22T05:00:00Z,"The apartment is as shown in the photos. It’s located next to the Lapa Aqueduct and very well-connected.

Gustavo was easy to contact and very friendly.

Recommended park for any traveler",8
3374964,2017-01-12T05:00:00Z,Please provide the review you want me to translate. I need the text of the review to complete your request,1
3374964,2017-01-17T05:00:00Z,"This was my first Airbnb experience and it couldn’t have been better. I didn’t meet Gustavo personally, but he was very attentive. The accommodation was wonderful – a cozy, well-equipped apartment in a super central location, close to the metro, VLT, airport, and tourist attractions… I wholeheartedly recommend Gustavo’s apartment",9
3374964,2017-01-21T05:00:00Z,The host canceled this reservation 5 days before arrival. This is an automated posting,1
3374964,2017-01-31T05:00:00Z,"This is a cozy and very well-located apartment.

The room is small, but that doesn’t interfere with it being for few people.

Gustavo was very helpful, polite, and attentive.

I loved it.

Thank you for welcoming us",8
3374964,2017-02-02T05:00:00Z,"The Apartment of Gustavo was excellent – the location was excellent, very easy to get to various places in the city; it’s a quiet street with 24-hour security, great internet, and the window view was tempting. There were many places to eat nearby, including a bank, a small grocery store, and a bakery – everything was very close by. Gustavo was excellent from before the reservation, always quickly answering our questions and providing great tips and guidance; his follow-up during our stay was excellent, and yes… future guests should leave a gift of a refrigerator for him… it’s really cool… and soon he’ll have to buy another refrigerator to hold all the souvenirs! Thank you, and as I said, we’ll return always",9
3374964,2017-03-07T05:00:00Z,Tima estadia. Gustavo responds to messages quickly and is very welcoming. The apartment is comfortable and has everything necessary for a good stay,7
3374964,2017-03-20T04:00:00Z,"Timo is a very welcoming host, and access to the property is easy and very quiet",8
3374964,2017-04-03T04:00:00Z,"This was my second time staying in the apartment this year, and it was absolutely fantastic. The apartment was great, comfortable, very clean, and the price was really good, and it was very conveniently located. Gustavo, as always, was very attentive and always willing to help. I highly recommend it",1
3374964,2017-04-04T04:00:00Z,"I really liked the apartment; it met my needs and delivered on its promises. The location was excellent, it was clean, everything was in perfect working order, and Gustavo was always available to answer any questions. I recommend it",9
3374964,2017-04-10T04:00:00Z,"I highly recommend it!

Spacious rooms, in a quiet neighborhood, in a perfect location close to many great bars and various museums and theaters",8
3374964,2017-04-11T04:00:00Z,"The house was clean and tidy. The building security guards were very helpful with the luggage.

However, the description stated that there was shampoo and conditioner, but in reality, there was only a tiny, almost empty amount of shampoo that wasn’t even enough to wash one person’s hair. We had to buy it.

The place is dangerous at night",4
3374964,2017-04-17T04:00:00Z,Gustavo was always very attentive. And the apartment is well-located,7
3374964,2017-04-23T04:00:00Z,Gustavo was a fantastic host who greeted us at the last minute. Everything went very smoothly. I recommend him to everyone,8
3374964,2017-06-04T04:00:00Z,"The apartment was as described, in a really nice, cute location – clean and tidy.

24-hour doorman, with complete freedom to come and go as we pleased.

I wish I could return",8
3374964,2017-06-11T04:00:00Z,"Needs improvement in structure, the bathroom door doesn’t close properly, and the light isn’t working.

The lights don’t work",3
3374964,2017-06-19T04:00:00Z,The location is excellent. It’s in a building with a 24-hour doorman. We felt at home. I would recommend this accommodation and stay again,8
3374964,2017-06-28T04:00:00Z,"It was great to stay at Gustavo’s place. When I was looking for an apartment in Lapa, I didn’t expect to find one so close to the arches. It’s also very close to the Municipal Theater, the National Library, the Flying Circus, the Foundation, and other really cool tourist attractions. The VLT is less than 5 minutes away on foot, very close indeed. And walking a few minutes also allows you to find small shops and many nice restaurants and bars! The house is spacious and cozy. We felt like we were at home – I would definitely rent it again",9
3374964,2017-07-17T04:00:00Z,"The apartment is simple, but it’s very clean and well-organized. It’s superbly located, with easy access to everything – the metro, the airport, restaurants and bars, etc.

Gustavo was always attentive and always responded immediately whenever we sent him messages.

The light in the living room wasn't working, but it wasn’t something that bothered us",8
3374964,2017-07-31T04:00:00Z,"We loved it – very well-located and complete. The bed was good, the apartment’s items were good, we recommend it",8
3374964,2017-09-24T04:00:00Z,"This apartment is very well-established and has two very comfortable rooms, with air conditioning, and bedding. One of the rooms has a bunk bed. We definitely plan to return",8
3374964,2017-09-26T04:00:00Z,Great place; we’ll be back soon,6
3374964,2017-10-02T04:00:00Z,"Excellent apartment, located close to all the LAPA nightclubs and near the cultural center. The apartment is fully equipped. I hope to be able to return again",8
3374964,2017-10-08T04:00:00Z,"It was very well located, everything he promised was really waiting for us. Gustavo was very nice and friendly with us. It’s a great option for anyone who wants to enjoy Lapa – you don’t have to worry about the “Lei Seca” (dry law) or taxis. We really liked it and we’re going to return",8
3374964,2017-10-15T04:00:00Z,"This apartment is comfortable and well-organized. The building is very well-located, with two restaurants underneath. It’s also very close to the busiest bars in Lapa. Gustavo was very attentive, both before and during the stay. I highly recommend it",8
3374964,2017-10-22T04:00:00Z,"Very well located, and the apartment meets expectations",6
3374964,2017-10-28T04:00:00Z,"It was very good to stay in Gustavo’s apartment. The place was clean, pleasant, and spacious.

I recommend",8
3374964,2017-11-05T04:00:00Z,Our experience at Gustavo’s space was great. He was always attentive and responded whenever we needed him. The space was super comfortable and very well-located,8
3374964,2017-12-04T05:00:00Z,"Great location! Perfect for those who want to enjoy the Lapa region, but also for other places, as the access is easy and quick. The price was also fair",8
3374964,2017-12-05T05:00:00Z,This is a very well-located apartment. Gustavo was very cordial,6
3374964,2017-12-14T05:00:00Z,Well located,5
3374964,2017-12-18T05:00:00Z,"The location was very good, with everything nearby, but it was quite noisy… I was surprised by the welcome, which wasn’t the best, as I didn’t even meet Gustavo personally. Communication with him was slow and unsatisfactory… The shower was broken and, even though I requested assistance from Gustavo, we were left with cold showers throughout the entire stay. Perhaps we just had bad luck, as I’d seen good reviews about Gustavo… but the truth is that communication with him was a little difficult",4
3374964,2018-01-11T05:00:00Z,"Great place in the perfect location. 3 min to Lapa party street / 5 min to Selaronda stairs. 
Communication was great despite booking on the last minute. The key was waiting at the door man. Everything went smoothly",8
3374964,2018-01-13T05:00:00Z,Very basics apartment in the middle of lapa which is amazing,6
3374964,2018-01-14T05:00:00Z,"One step from the Arcos da Lapa. Secure building with a doorman and a super functional and clean apartment. Thank you very much, Gustavo",8
3374964,2018-01-21T05:00:00Z,Gustavo was very efficient and attentive; he was very quick to arrange everything. It was a pleasure to stay in his apartment,8
3374964,2018-01-29T05:00:00Z,"Excellent apartment and location.

As it appears in the posting.

Although we didn’t meet Gustavo, he was available for any questions or concerns. Highly recommended",8
3374964,2018-02-01T05:00:00Z,"Great location. Unfortunately, the previous guest was delayed in checking out",6
3374964,2018-02-15T05:00:00Z,"This apartment is located near Lapa, with doormen on-site and it was very clean. It met our expectations, and I recommend it to anyone who wants to be close to the nightlife in Rio de Janeiro. Even being so close, there wasn't much noise and we were able to sleep peacefully. Gustavo was quick to respond, left everything organized, and was concerned about us. Highly recommended",9
3374964,2018-02-26T05:00:00Z,"Close to everything (bars, restaurants, Starbucks, the metro, the Arcos da Lapa, snack bars...).

The photos were accurate",8
3374964,2018-02-27T05:00:00Z,"This apartment is very well-located, the host was attentive, and we will definitely return",8
3374964,2018-03-11T05:00:00Z,"Easy access location, secure, and clean. Close to everything, without needing to spend a lot of money on transportation. A great apartment… I highly recommend it",8
3374964,2018-04-01T04:00:00Z,"Great host, Timo! He was incredibly flexible with the check-in and check-out times. The place was very pleasant",8
3374964,2018-04-09T04:00:00Z,"If you, like me, are traveling to Rio de Janeiro for leisure, the space perfectly suits your needs. It’s not a luxurious space, but it guarantees functionality for exploring the Centro and Lapa. The doormen were very kind. Gustavo maintains communication when requested. Overall, it was a good experience",8
3374964,2018-10-22T04:00:00Z,Everything was exactly as described in the advertisement; there was nothing to complain about,8
3374964,2018-10-25T04:00:00Z,"Gustavo was, as always, very attentive and available. Thank you for trusting us with your space. This is the second time we’ve stayed here and, being so close to the Arches of Lapa, it’s incredibly convenient to stay in the apartment. We’ll come back anytime we need to stay in the Centro. Thank you very much",8
3374964,2018-11-25T05:00:00Z,"The apartment is well-located, and it has everything you need for a comfortable stay, offering a good value for the price",8
3374964,2019-01-03T05:00:00Z,"We booked the accommodation for Réveillon (New Year's Eve) in Maro, and we had high expectations for this trip.

The apartment seemed to have been cleaned, but there were many ants on top of the refrigerator and the freezer was very dirty. There was no light in the bathroom and also not in the living room.

The walls of the larger room were very dirty; I didn’t even want to lean against them to sleep. The double bed was stained and yellowish, and the pillows were the same.

Several outlets were loose and didn’t connect properly.

The biggest disappointment was the washing machine. The advertisement states that it’s possible to wash clothes, which is a major draw for a group of five people. However, the machine was filthy – completely black inside – with traces of soap and water.

I was quite surprised by these problems because there were no complaints of this type in the reviews. The apartment needs cleaning and some renovations",3
3427741,2014-07-16T04:00:00Z,We had a really great time and Rio is an amazing city,5
3427741,2016-01-01T05:00:00Z,"Maria was a wonderful host!!! The position of the apartment is actualy 5 minutes walking from the beach of Copacabana thus make our reveillon unforgettable! In addition, the apartment make you feel leaving into a real brazilian life: colourful and full of energy",8
3427741,2017-02-26T05:00:00Z,I really liked it!! She was very attentive and the apartment is spacious and clean. It’s very close to everything,8
3427741,2018-01-02T05:00:00Z,"Mara was very nice, always attentive to us, and she helped us figure out how to travel to Ilha Grande!!

The apartment could have improved some amenities, particularly in the bathroom, where there wasn’t a place to hang clothes, and there were also some things missing in the kitchen that would have made it even more comfortable.

We also had some very lovely days in Ro",6
349618,2019-01-19T05:00:00Z,"Great place! It was very clean, close to everything, and had everything you need to enjoy a vacation",8
3800450,2019-01-27T05:00:00Z,"Very good apartment. Safe, clean, quiet and cozy. It has everything youll need for the every day life.\nWiFi is very good!\nWill be considered whenever I come back to Rio",8
3654407,2016-08-21T04:00:00Z,"Great location! It has a beautiful view.

I was very warmly welcomed",6
3654407,2017-09-24T04:00:00Z,The apartment has a wonderful view and a great location,6
3654407,2019-01-09T05:00:00Z,"We had an incredible few days in Angela’s apartment. She waited for us, explained everything we needed to know, and was attentive to our questions. The location is absolutely perfect. The apartment was spotless. The wardrobes were lovely. The view was fantastic. The only downside was that we had a little bit of heat. Thank you so much, Angela. We’ll definitely return",9
3971325,2018-12-24T05:00:00Z,Great location! Two blocks away from the beach. There are many options of restaurants and bars. A pharmacy just beside the building. I would definitely stay there again,8
369336,2016-12-01T05:00:00Z,"It was a wonderful stay with Ane! She was incredibly hospitable. I already knew her, which is why I returned as soon as I found out I was traveling to Rio. She made us feel very welcome and helped us with everything! The apartment is super well-located and the building is secure. I totally recommend it! I made a new friend in Rio! Thank you, Ane",8
4074453,2018-12-31T05:00:00Z,"Hildas place looks just like the pictures! So cute and well decorated. You can tell they took the time when remodeling. Check in process was fairly easy. Hildas husband was there to show us how everything works, get papers signed, and collect the R $500 security deposit. The only downside to this place was the bed. It was very hard and uncomfortable. Luckily my boyfriend is in the military and is used to sleeping on the ground so he took the bed and I took the futon. The futon wasnt good for 2 people either, but was fine for just me. There were plenty of towels and pillows for us. The location was outstanding!! We ate breakfast lunch and dinner every day at a different restaurant, all within walking distance. And the famous colorful tile steps you see online are also only a couple blocks away! That made it easy to get there early and get some pics before the crowds showed up. Security in the building was good. We never felt unsafe. Lapa is a party town! The streets get noisy at night but we were able to tune it out or would just go join the party! If you wanna be in the happening spot, look no further",8
4382487,2019-02-07T05:00:00Z,"Sandra is undoubtedly a luxurious host; unfortunately, we weren’t able to travel, but her kindness in everything makes us want to stay there on our next trip. She has everything we need; she answers all our questions; she’s always present with any request for information. Therefore, even without having traveled, we’re giving her 5 stars. Thank you!!! Sandra and Daniel",8
4761793,2019-01-01T05:00:00Z,Very good location,5
4974771,2016-01-03T05:00:00Z,"Joyce was the best host ever. She explained everything very detailed and left all sort of indications on what to do, where to go. \r\nThe apartment is FANTASTIC. It",8
4838721,2015-02-18T05:00:00Z,"This apartment is in a great location in Copacabana, close to the beach, restaurants, and bars. Nanda was a wonderful host and gave us some good tips that made our stay in Rio much easier",8
4838721,2017-01-04T05:00:00Z,"The room was very clean, comfortable, and spacious enough for a good stay. The apartment is located a few blocks from the beach in a quiet and safe area",8
4838721,2017-10-17T04:00:00Z,Excellent location and a very helpful host,6
490098,2019-01-14T05:00:00Z,"The apartment of Renata, in one of the best locations in Rio, is just right for a couple – it’s very well-decorated and has a perfect split air conditioner. Communication was easy and efficient. I highly recommend it",8
564564,2016-04-23T04:00:00Z,"Rosanne is a nice, helpful person. She was there to meet me when I arrived from the airport. The location of the apartment is convenient, but the fact that the two dogs spend most of the time in the kitchen was an issue for me, so I only ended up spending only one week at the apartment. Rosanne understood and we both agree on a resolution. Communication with her was open and friendly",7
486337,2016-08-18T04:00:00Z,"I felt very comfortable with the family’s very good attention; they were always ready to chat and help with anything needed. I couldn’t spend more time there because of their very long hours away. It’s a place just a few meters from the subway, with many services nearby. Good stay, good attention, very good experience",7
4790136,2019-01-27T05:00:00Z,"This apartment is perfect for 4 people, located just 2 blocks from Metro Stop 12 de León. It’s very well-equipped with everything you need for an unbeatable stay. It’s close to everything – the metro, restaurants, bars, and supermarkets",8
4924343,2017-03-12T05:00:00Z,"Thank you so much, Ricardo!! I really enjoyed my stay here – at all times I felt like I was at home. He’s a very good person and was always willing to help with anything, both in the apartment and for enjoying Ro. The apartment is very nice and so is the building, with very respectful and friendly staff",8
4924343,2017-08-17T04:00:00Z,"Everything was fantastic; the space was super comfortable and very well-decorated with impeccable cleanliness. The balcony with its ocean view was excellent. Ricardo was incredibly kind about everything.

I will definitely return",1
4924343,2017-10-18T04:00:00Z,"This was the second time I stayed at this flat and I really liked it, so I’ll definitely return. I highly recommend it",8
4924343,2017-11-05T04:00:00Z,"We absolutely loved our stay in the apartment – it was exactly as pictured, nothing changed! Ricardo was incredibly careful and attentive with us. We highly recommend the apartment; we were very satisfied with our stay during the days we were there! He also provides chocolates in the room and juices, sodas, and other things as a courtesy in the refrigerator",9
4924343,2018-01-15T05:00:00Z,"Safe area, amazing hospitality, nice room with wonderful balcony, coffee machine + kitchen equipment, overall cleaness, gym with everything you need during vacation, the view from the balcony and roof of the building, and kindness from Ricardo. 6/5 experience. Great for couples or singles! I recommend",8
4924343,2018-09-09T04:00:00Z,"This apartment was impeccable and smelled lovely, and Ricardo was incredibly attentive! I loved everything",1
4798749,2017-01-01T05:00:00Z,"Our host, in this case Roberta and her mother, were lovely and attentive, and they welcomed us very well.

The apartment was great, better than the photos.

Everything was perfect overall",8
4798749,2017-02-17T05:00:00Z,"The apartment is spacious and airy. I worked from home and the air conditioning and Wi-Fi, which were very important, worked well. The refrigerator was small, but it was fine for shorter stays. The hosts were very attentive whenever we needed assistance to resolve any problems. We didn’t have contact with the host, Roberta, but her mother was very helpful, and overall everything went well",8
4798749,2017-05-23T04:00:00Z,The stay was excellent. The location was very quiet and the stay was pleasant. Roberta and her mother’s hospitality was great. It’s close to the metro (550m) and also close to the center of Rio and the Zona Sul. I recommend it,8
4798749,2017-12-23T05:00:00Z,"Excellent value for money!

Roberta has always been extremely prompt and helpful, trying to resolve any issues quickly, and she was quite flexible. I was able to check in and check out at the exact times I wanted, largely thanks to her.

The apartment is truly located 500m from the metro, which is a privileged location for students or workers who need to commute daily. However, part of the journey is uphill, which can be a bit tiring, especially when returning home with groceries.

The furniture and appliances all work well, but some things have changed slightly compared to the December photos: the closet armoire no longer exists; there’s now a hanging rail that allows you to hang a reasonable amount of clothing, but it may be lacking in space for someone who brings clothes to stay for several weeks or months; the fireplace has been replaced with a slightly inferior model, but it works well; the TV from the bedroom no longer exists, but the old tube TV from the living room pictured in the photos has been replaced with a much better and larger LED TV; the bedroom desk doesn’t include a computer or chair; and the layout of the furniture in the living room has improved significantly compared to the photos; the room is now much more organized.

This underground apartment (ground floor level 2), surprisingly, was one of the best-lit places I’ve ever stayed, however the increased incidence of insects was a problem. The space was generally nice and organized, but it lacked thicker curtains – the living room was too transparent, and the bedroom curtain didn’t block the morning light.

Overall, it’s a good apartment with a few problems, featuring a responsive host and a highly competitive price",6
4798749,2018-02-08T05:00:00Z,"The communication with Roberta and her parents was excellent; they didn’t hesitate to help promptly with any issues. The apartment, located in a basement of a very quiet building between Glória and Santa Teresa, has an excellent location. The apartment is spacious and comfortable, with a great bathroom/shower, a bed, a room with air conditioning, a large flat-screen TV, excellent Wi-Fi, and a washing machine. Thank you, Roberta, for your hospitality",9
4798749,2018-02-16T05:00:00Z,This is a safe and peaceful place to stay. The space is very good and in an easily accessible location,8
573086,2017-09-25T04:00:00Z,"Absolutely marvelous!!! I loved it for everything... it was super organized, clean, and an excellent location!!! I highly recommend it",8
4621190,2017-12-18T05:00:00Z,The host canceled this reservation 12 days before arrival. This is an automated posting,1
4467174,2019-01-27T05:00:00Z,Kai is an amazing host. Very friendly and gives really good tips. The place itself couldn,6
5018276,2016-09-22T04:00:00Z,"This was a cozy and very well-located apartment. Lakini was a fantastic host, ensuring our stay was completely peaceful throughout the entire period. We recommend it",8
4591790,2015-07-03T04:00:00Z,The host canceled this reservation 399 days before arrival. This is an automated posting,1
4591790,2017-06-26T04:00:00Z,The stay was excellent! Gustavo and Fabrizio were very helpful and assisted us in everything with a great willingness! The apartment is well-located and extremely secure… the condominium is beautiful too. It’s well-located and close to the metro. The apartment has everything I need and much more… it has a washing machine and dryer and a well-equipped kitchen! The experience was wonderful! I thank you very much for your patience with us. I would definitely stay in the apartment again,9
4591790,2017-07-20T04:00:00Z,Great stay,5
4591790,2018-06-27T04:00:00Z,"It worked very effectively, and all the necessary amenities were provided without any problems",6
484267,2019-01-28T05:00:00Z,Amazing flat in great location!! Very safe! Roof terrace is a bonus! \n\nCommunication between Celia and Nina was great and super helpful! 100% recommend to stay here,9
4987188,2019-02-01T05:00:00Z,"Vilma’s space is a studio apartment with a sliding door that allows you to divide it into two areas. It has only one air conditioner, but it’s sufficient to cool everything down. It has a small kitchen with a microwave and two burners, allowing you to cook basic things. The bathroom has a washing machine, and the small living/dining area functions as a second room in case of a third guest (in my opinion, it would be a little cramped for an adult to sleep in). The location is very convenient; it’s quiet because it’s on the 11th floor, very clean and beautiful as seen in the photos. Vilma’s communication was excellent, as was the arrival. I highly recommend it 100",1
5093778,2016-08-31T04:00:00Z,"Marcos’ apartment is wonderful; it’s been renovated and the facilities are now very new. It’s very comfortable and looks exactly as it does in the photos.

It’s very close to the beach and has several restaurants nearby.

Marcos is a very kind, very cheerful person and he was always willing to help with anything that came up. I stayed in his apartment for a month and I wouldn’t hesitate to return",9
5177481,2015-02-05T05:00:00Z,The reservation was canceled 8 days before arrival. This is an automated posting,1
4773338,2018-11-23T05:00:00Z,The apartment has a great location and is very comfortable and pleasant! I would definitely stay there again,6
4875052,2019-01-07T05:00:00Z,"I don’t recommend this apartment; it has serious electrical problems. The building is very old, and the power went out for two consecutive nights – the first time for two hours, and the second time for the entire night, so we couldn’t sleep because there’s no air conditioning and it was unbearable, over 30 degrees Celsius at night. We had to leave the apartment three nights early and go to a hotel. The space is very small with no windows in the living room, and the shower has very low water pressure. Furthermore, missing items were provided, such as a hairdryer, and the dryer doesn’t work. I won’t be returning for any reason, and I left before the stay was over even though the entire stay was paid for",2
4902451,2016-02-10T05:00:00Z,"The description of the property completely matched the listing, exceeding all my expectations! The apartment has all the necessary utensils for a good stay, plus nice extras like a badminton set with a ball and Wi-Fi. Upon arrival, Alfredo greeted me very warmly, first taking me to an excellent place to leave the car for free and in a safe manner, then he showed me the apartment and provided all relevant information. The apartment was perfectly clean, with white towels and bed linens. Alfredo was very friendly and attentive, and he certainly would be able to help with any questions or suggestions. Personally, I think it’s the best place in Rio de Janeiro – Dias Ferreira in Leblon is a luxury in itself, and you can do everything on foot, and the neighborhood has the best bars and restaurants. There’s a supermarket, a taxi stand, Sushi Leblon, and it’s just a few steps to the famous Belmonte. I didn’t need to say that the beach is a 5-minute walk away, and Posto 12 is the most tranquil place to stay. I loved it, I recommend it, and I’ll definitely return",1
4902451,2018-01-02T05:00:00Z,This is a fully equipped apartment in the most sought-after area of Leblon. Alfredo was an excellent host and very attentive. The cleanliness and organization were impeccable,1
4902451,2018-02-07T05:00:00Z,"Alfredo was a really great host, always available and friendly. The apartment was very comfortable and clean, exactly as it appeared in the photos and in an excellent central location, with a nice neighborhood and in a safe, busy area",9
4902451,2018-04-02T04:00:00Z,"Alfredo is a great host, offering many useful tips and always being available for his guests.

The apartment is cozy and located in a very safe area, with numerous really good bars and restaurants nearby.

The beach and metro station are also easily reachable on foot in just a few minutes. It’s a fantastic place to stay and explore Rio de Janeiro",8
4902451,2018-09-03T04:00:00Z,The host canceled this reservation 4 days before arrival. This is an automated posting,1
4902451,2019-01-05T05:00:00Z,"Alfredo was very kind and attentive to all our needs; he brought us anything we asked for. The apartment was spotless, the location is spectacular, and the kitchen is very well-equipped. We would choose it again",1
4776811,2017-04-30T04:00:00Z,"Lianne and Fabio are amazing hosts, communication couldnt have been easier! The listing is exactly as described, and the flat is beautiful, light, and clean. It",8
4798216,2016-08-29T04:00:00Z,"Thank you, Jean-Christophe and Barbara! You welcomed us wonderfully, and your help and precious advice allowed us to have an unforgettable stay",8
48305,2019-01-07T05:00:00Z,Nice terrace and OK rooms in size. With the exception of two rooms in the back which are almost unacceptable. The air conditioning is very outdated and extremely loud in those rooms. That part makes the apartment a low value for money,4
5192553,2015-02-17T05:00:00Z,"Vanessa greeted us very well and was very nice. She gave us tips for the Carnival blocks. The apartment is very well located, in an upscale neighborhood in Rio de Janeiro, close to gourmet restaurants, bars, and supermarkets. It’s so well located that you can do everything on foot.

The beach is about a 2-block walk, very close by.

We loved our stay and your welcome. The photos match what’s in the listing, and the main thing was having air conditioning in the living room and one of the bedrooms – it saved us in this heat! The shower in the bathroom was also great",9
5192553,2016-08-19T04:00:00Z,"Apartment is simple but well furnished, gas range works well, water heater and AC worked well, mattress comfortable. The best feature was the location. Next to an outstanding grocery store with the best selection of fresh fish and vegetables. And the beach is just 2 blocks away. And next to metro station. And next to Bracarense. If you dont know what it is, (Hidden by Airbnb) it",8
5192553,2017-01-24T05:00:00Z,The host canceled this reservation 29 days before arrival. This is an automated posting,1
5192553,2018-02-14T05:00:00Z,"Vanessa was incredibly helpful the whole time. I lost the keys to the house, and she went out of her way to go from Maracanã to Leblon during the Carnival to give me a copy! What an incredible kindness! The location was wonderful",9
4964534,2019-01-27T05:00:00Z,"The location was convenient, and the environment was clean! We were warmly welcomed and given some good tips for sightseeing in the area. Comfort was 10/10",8
564578,2019-01-04T05:00:00Z,It was a very good experience; the place is very close to the beach and shops. Rogerio is a very kind host,8
5814254,2019-01-30T05:00:00Z,The location is excellent and the apartment is very comfortable. I’d definitely stay there again in Barra. Rachel is a great host,8
5554583,2018-02-15T05:00:00Z,"The apartment is located on a very welcoming street in a very nice and helpful neighborhood, close to the center and next to Lapa. The host was very attentive and polite. We had an excellent stay",8
6314480,2015-07-27T04:00:00Z,"The apartment is wonderful, equipped with everything necessary to have a fantastic stay. It’s worth noting its proximity not only to the beach, but also to restaurants, supermarkets, and the area with bars and nightclubs.

Excellent apartment, highly recommended",8
6314480,2015-08-31T04:00:00Z,"Excellent apartment, just as it appears in the photos! The host responds promptly. Great location near bakeries, pharmacies, and bars. I loved the stay",8
6314480,2015-09-07T04:00:00Z,"The stay was great; the location of the apartment was ideal and perfectly matched the description made by Rafael.

We didn’t meet in person, but that wasn’t a problem.

As a host and user of Airbnb, I recommend it",8
6314480,2015-09-21T04:00:00Z,"The apartment was in perfect order and anything out of the ordinary was quickly resolved. The host was extremely polite and attentive, and the apartment matched everything described. I absolutely loved it and adored the atmosphere. If I could give a rating from 0 to 10, I would give it 11! It’s excellent in every respect",1
6314480,2015-09-28T04:00:00Z,"The apartment was excellent, clean, organized and cozy, exactly as shown in the photos. Besides being in the best location in Barra and close to supermarkets, pharmacies, etc.

The stay was perfect",9
6314480,2016-01-28T05:00:00Z,"Everything was excellent, but it was better than described. The apartment was brand new and spotless. It was very well-equipped with all the utensils and appliances. The environment was very quiet, and the interaction with other neighbors was pleasant. There was 24-hour security. While we didn’t meet Rafael, he was attentive and available through our contacts on WhatsApp. The location of the building facing the sea in the area of bars, restaurants, supermarkets, pharmacies, taxi stands, and buses was a highlight. We enjoyed the pool, the gym, and the kids’ playroom with ping pong and metegol. Highly recommended, especially for families",1
6314480,2016-02-14T05:00:00Z,The house is beautiful!!! It’s bright and very well-located. The security staff is very friendly and always helpful,6
6314480,2016-02-25T05:00:00Z,"The apartment was exactly as the photos showed: very comfortable and very well-equipped. The kitchen had everything you could possibly need. The building is very quiet and beautiful, and the building staff are very friendly. The pool is very large and is always monitored. It’s literally across the street from the beach – you just have to cross the avenue. The beaches and the area are beautiful!!! The beaches are very quiet during the week and a bit more crowded on weekends. The area is quiet; there are no assaults or a lot of movement. There are bars and restaurants within a few blocks! Highly recommended. I didn’t speak much with Rafael because we didn’t need to; he really fulfilled everything that was agreed upon",9
6314480,2016-12-19T05:00:00Z,"Excellent location. There were games for children, a jacuzzi, and a swimming pool. The apartment was very spacious/comfortable",8
6314480,2017-01-23T05:00:00Z,"This apartment is very well-equipped, with very comfortable beds, and it’s very secure and well-located. Everything went exactly as agreed upon. The beach is spectacular!! The pool is large and the gym is very well-equipped. It’s worth noting the cleanliness of the building and the quietness. It’s close to numerous bars and restaurants as well as supermarkets. The metro station is less than 10 blocks away. Highly recommended",9
6314480,2017-02-01T05:00:00Z,"This was a wonderful local, a great condominium with a pool, gym, kids' play area, and games room. It was also very close to the best bars in the area, pharmacies, and supermarkets. The apartment itself was excellent and well-furnished. Unfortunately, our stay was severely disrupted by the noise from the air conditioning units. It was impossible to sleep. Despite the host’s efforts, the problem wasn’t resolved. I thought, considering the high price and location, it would have deserved a split air conditioning unit or something less noisy",6
6314480,2017-02-06T05:00:00Z,"Really good, honestly",6
6314480,2017-02-11T05:00:00Z,"10 out of 10 points for the apartment – it’s very well-located, in a building with all the luxuries: a pool, a gym, a hot tub, a games room, and a lifeguard at the pool. It’s ideal for families or groups of up to 5 people. Anyone who rents it won’t regret it and will be pleasantly surprised. The kitchen is very well-equipped, with a washing machine, etc",9
6314480,2017-02-23T05:00:00Z,"Everything was exactly as it appears in the photo! The place is beautiful, the neighborhood is lovely! Rafael was very kind. I would return",8
6314480,2017-03-01T05:00:00Z,"This is a comfortable apartment with all the amenities, just as it appears in the photos. It’s located right by the sea and has everything you need for a spectacular stay in Barra",8
6314480,2017-03-19T04:00:00Z,"The stay was great. The apartment is right on the beach, literally across from the beach. The apartment is exactly as it appears in the photos; the rooms are comfortable, all with air conditioning, a comfortable living room, and a cozy sofa. Good Wi-Fi signal. It was definitely worth it",8
6314480,2017-04-03T04:00:00Z,"A very comfortable apartment, well-equipped and safe – highly recommended…",8
6314480,2017-04-23T04:00:00Z,"The apartment was very cozy, very clean and organized. The location was excellent. The host was helpful, as were the condominium staff. I really liked it",8
6314480,2017-05-02T04:00:00Z,"Rafael is a rather timid host. He was always willing to answer our questions when we needed something. He provided us with tips about what to do in the region where the property is located. The apartment is great – spacious and has everything I needed in a lodging. The check-in and check-out were very quiet, and the security staff were always very attentive. The apartment is very close to Avenida Olegrio Maciel, where there are several restaurants and bars. I would definitely stay there again in another opportunity",8
6314480,2017-06-18T04:00:00Z,"This apartment is excellent! It’s super comfortable, very well-decorated, very well-maintained, organized, and well-equipped (with TVs, linens and towels, kitchen utensils, etc.). We really felt at home! The location is great, right in front of the beach, close to shops, restaurants and bars, and approximately 1km from the Metro station, which makes it easy to get around the city. I highly recommend it",9
6314480,2017-07-10T04:00:00Z,"Great place, great location near restaurants and beach . We enjoyed our stay there very much",8
6314480,2017-07-26T04:00:00Z,"Everything was very good, a 10/10 rating",6
6314480,2017-09-17T04:00:00Z,"The apartment is very well located, the space is good and matches the photos and description on the website. It was very clean and tidy! Rafael was extremely attentive and very helpful with what we needed… It was the first time I stayed in Barra da Tijuca and I would stay at the place again because of the apartment. Very good",9
6314480,2017-09-25T04:00:00Z,"This apartment is decent, located right on the beach and close to shops! Rafael was an excellent host; he responded to all messages and was very flexible with the check-in and check-out times. I recommend it and would definitely return",8
6314480,2018-01-22T05:00:00Z,"This is a wonderful and comfortable apartment with a pool and gym. It’s located right by the sea, just steps from an area of exclusive kite surfing bars. It’s one block from the center and close to two supermarkets. Security is available 24 hours a day, and the staff at the complex are excellent. Rafael was very attentive and always responded quickly to any concerns. Absolutely recommended",9
6314480,2018-02-02T05:00:00Z,Everything was excellent,8
6314480,2018-02-13T05:00:00Z,"Very good location... complete apartment... building with 24-hour security.

No doubt I’d return",8
6314480,2018-03-19T04:00:00Z,The host canceled this reservation 13 days before arrival. This is an automated posting,1
6314480,2018-03-19T04:00:00Z,"Good apartment, with an excellent location",6
6314480,2018-05-02T04:00:00Z,"Thank you for the beautiful apartment. It was a perfect accommodation, comfortable in every way, with an excellent location. The reception staff were outstanding – (Website hidden by Airbnb) – but the Wi-Fi was a problem; we couldn’t find the network, and everyone was very frustrated – (Website hidden by Airbnb). We’re certain we’ll become repeat customers and return soon.

Thank you very much",8
6314480,2018-06-03T04:00:00Z,It was a pleasant place and close to everything. I definitely would return,6
6314480,2018-07-29T04:00:00Z,Great location and very clean apartment. Good value for a 3 bedroom,8
6314480,2018-09-09T04:00:00Z,"The place was exactly as the photos showed, very clean and organized. Rafael was attentive, and I definitely recommend the location",8
6314480,2018-09-30T04:00:00Z,"It was a short stay, but a lot of fun at the beach. We went to different restaurants and to Barra da Tijuca",6
6314480,2018-10-14T04:00:00Z,The Timo Apartment is very well-decorated and in a great location. Rafael was extremely attentive and flexible with the check-in/check-out. I recommend this accommodation and we will definitely stay again,8
6314480,2018-11-11T05:00:00Z,"This was a fantastic local! The apartment was amazing, very clean and tastefully decorated. The amenities were really cool",8
6314480,2018-11-19T05:00:00Z,Excellent apartment with a prime location,6
6314480,2018-12-26T05:00:00Z,The location is poor,2
6314480,2019-01-08T05:00:00Z,Perfect location,6
6314480,2019-01-15T05:00:00Z,It was all good! The location was excellent,6
654519,2019-02-06T05:00:00Z,Excellent in every way; the apartment has everything you need for a great stay and Marcos’s attention is excellent,9
6612354,2019-01-13T05:00:00Z,"The space at Glauber’s is well-located and stylish. It offered flexible check-in and check-out, which was very important for us! Thank you. We had an issue with Dona Maria, the lady who handled our check-in and check-out, who treated us with some rudeness, claiming we’d received an extra guest in the apartment despite it being arranged with Glauber. She gave the impression that we were stealing something. Aside from this lack of communication, the stay was okay",6
6666674,2019-01-03T05:00:00Z,Everything was very good,6
6778993,2019-01-31T05:00:00Z,Excellent hostess,6
690895,2013-06-06T04:00:00Z,"Excellent apartment, would stay again when next in Rio. Highly recommended",8
690895,2016-03-29T04:00:00Z,Everything was perfect,8
6922924,2018-09-10T04:00:00Z,"The room we rented was a little small but sparklingly clean, everything was very clean (she was very meticulous about the cleanliness, so everything looked really nice), Mara was very attentive, generous, and even gave us coffee in the morning, the apartment was very well located",8
746187,2019-01-07T05:00:00Z,"Excellent!! Very good location, just one block from the beach, it was clean and had all the necessary amenities for the stay",8
7970000,2016-01-05T05:00:00Z,"The apartment is more than beautiful; it looks like it’s straight out of a decorating magazine. The location is divine – you can see Christ the Redeemer from the living room window. The area is one of the most expensive in Rio, it’s beautiful, but if your main goal is to be very close to the beach, it’s not ideal, especially if you’re staying for several days. Renata was always very attentive until she settled the bill; after that, her communication became almost non-existent, even though I needed assistance. The Wi-Fi password was never given to me, and the lights went out a couple of times, for example. Otherwise, everything was perfect. I recommend it",8
7970000,2016-08-07T04:00:00Z,"As I said, the hospitality wasn’t good; it was inconvenient for a person to keep messaging you to get you out of the apartment well before the scheduled time. They didn’t provide assistance with the reported problems, such as the broken toilet valve, and they didn’t check the electricals of the apartment, which made us afraid of a short circuit happening in those cases. As I said, the electric shower kept falling off its switch every time and then cut off the lights, leaving us without power the next day. We had to take cold showers without electricity. What bothered me was that she sent a message saying I had rented the apartment for two people while I had registered the names of four guests on Airbnb, confirming my theory that she hadn’t looked to see who was staying, and she didn’t provide adequate comfort. But she charged for the stay for four people",2
7970000,2016-08-21T04:00:00Z,"This is a very good apartment, completely renovated with excellent taste and very practical. It has a spectacular view!

We found everything in order, clean, with excellent beds and good bedding and towels – everything as expected.

I would use it again if necessary",8
7841907,2019-01-07T05:00:00Z,"Our stay at Ines’s house was very good. The apartment, although small, is very comfortable, modern, and clean. We had everything we needed during the 9 days we were staying there. Ines helped us to resolve an issue that arose before our trip, even though it wasn’t her responsibility",8
8043869,2019-01-22T05:00:00Z,"Great host, arrived late but made sure I was welcomed. any problems she answered. clean, quiet, safe and secure. next to many shops, restaurants, few minutes walk to the beach. 1min walk to the metro. 24/7 reception desk. own keys. hot shower. kitchen. only thing is doesn",8
808744,2019-01-29T05:00:00Z,"Great apartment, exactly as the photos showed! It’s a cozy and welcoming atmosphere. It’s very quiet for sleeping! Ricardo was super attentive and kind. Excellent location, everything you need is nearby. I highly recommend it",9
846689,2019-01-17T05:00:00Z,"The space was really great – it was practical, clean, and close to everything in the South Zone. It completely met my expectations. Monica was a fantastic host. I highly recommend it",8
8710268,2016-08-17T04:00:00Z,Great Host! Very kind. All clean and as advertised in pictures. I look forward to visit him again. Totally recommended,8
880678,2019-01-25T05:00:00Z,Excellent location. Very well-equipped. Everything was perfect,8
878307,2019-01-29T05:00:00Z,The location of the apartment is spectacular. It has everything it offers. And a nice detail for Argentinians – it has a stainless steel thermos,7
8980230,2016-02-09T05:00:00Z,"The owner was very attention,really.If I need something he really help me as soon as possible.
This is absolutelly nice apartment-studio,
everything beautiful and comfortable.
The location nice too.
I may recommend stay here for everybody.
If you come here,you will be happy,I am sure",8
8980230,2016-04-07T04:00:00Z,"Excellent! The cleanliness, location, and communication with the host were fantastic. I recommend it to everyone",8
8980230,2017-05-29T04:00:00Z,The host canceled this reservation 114 days before arrival. This is an automated posting,1
8980230,2018-01-01T05:00:00Z,"The apartment is very spacious, fully equipped and brand new. The host was very kind, proactive, attentive, and responsive",9
8980230,2019-01-08T05:00:00Z,Cozy place with a beautiful view. Everything was very clean and tidy. Davi was always very attentive and polite,9
8905515,2015-11-27T05:00:00Z,I loved my stay in Rio. The accommodations were comfortable and the host was very attentive. I recommend it,8
8905515,2016-01-10T05:00:00Z,"Please provide the review you want me to translate. I need the text of the review to perform the translation.

I spent a month in a very nice apartment belonging to Renata’s mother. There were other people living in this apartment, her son and three women. Everyone was incredibly nice. The apartment was always clean, and I could use the kitchen and bathroom at any time of day or night. The apartment is located right on Copacabana. I can absolutely recommend this apartment.

Please provide the English review you want me to translate. I need the text to be able to fulfill your request.

I spent a month in a very nice apartment, which belonged to the mother of Renata. There were more people living in the apartment – the son and three women. Everyone was incredibly nice. The apartment was always clean, and I could use the kitchen and bathroom at any time of day or night. The apartment is located right on Copacabana Beach. I would absolutely recommend this apartment to 100",8
8905515,2016-02-21T05:00:00Z,"I had an amazing stay. Everything was clean and the people very nice. Recommend this place and would stay there again. 
The neighbourhood was good, close to the beach with lots of shops and bars. 
To me all seemed to be safe",8
8905515,2016-11-11T05:00:00Z,"The stay was great. I needed a place to stay urgently that was easily accessible, quiet, and comfortable. Renata promptly helped me with everything within a few hours. I loved the atmosphere of the place, along with the host and her mother who made me feel incredibly welcome. I highly recommend it – it’s a cozy, quiet, clean place with fair pricing",8
8905515,2016-12-22T05:00:00Z,"It was a perfect stay ! I totally recommend it. The people are very nice and the bedroom (and apartment) was perfect. They have a big heart and are always present for you if you need them. I will never forget my stay, it was plenty of nice moments",8
8905515,2017-01-16T05:00:00Z,"Renata and her family were very kind and welcoming. I felt at home from the beginning of my stay. The room was very clean and tidy, very airy, and I had the privilege of having a sea view. The location was excellent, close to the beach, restaurants, markets, and public transport…

I wholeheartedly recommend the stay without hesitation",9
8905515,2017-01-27T05:00:00Z,"Renata was fantastic, incredibly helpful and accommodating. She gave me great recommendations for tours and the best way to get around the city, as it was my first time visiting Rio. The room was comfortable and the apartment’s location was excellent. I can only thank her",9
8905515,2017-02-16T05:00:00Z,"La verdad una casa muy linda, con gente mas linda aun, lo pas fantastico en mis 16 das en Ro! Aparte es una casa muy comoda para moverse ya que tiene la parada del metro a 5 minutos, tambin esta situada a 100 mts de la playa de Copacabana una maravilla Rio y su gente! Gracias Roberta y Girsi por todo! Absolutamente recomendo!

The truth is a very nice house, with people even more beautiful, I had a fantastic time in my 16 days in Rio! Apart is a very comfortable house to move since it has the subway stop to 5 minutes, is also located 100 meters from Copacabana beach. How wonderful is Rio and its people! Thanks Roberta and Girsi for everything! Absolutely recommend",7
8905515,2017-03-02T05:00:00Z,"I was very warmly welcomed by Renata and her family, as well as her mother and family – very nice and kind people.

The apartment is spacious, with a roomy bathroom and a comfortably furnished bedroom featuring a TV and fan. The apartment is very well-located, close to bars and restaurants, also near the metro station and bus stops, and, wonderfully, Copacabana Beach.

My experience was very pleasant; I really liked everything. When I return to Rio, I want to stay again in this place, and I recommend to everyone looking for a place to stay to book with Renata’s space, as it’s a very good, quiet space with flexible check-in and check-out.

A hug to everyone",9
8905515,2017-09-26T04:00:00Z,"This apartment is superbly located, the house is incredibly clean and very well organized, the room offered a great deal of privacy, but the best thing about it was the host. She gave lots of helpful tips, was very friendly and attentive. It was impossible for me to have stayed in a better place",1
8905515,2018-01-02T05:00:00Z,"Renata is fantastic – the host, everything was excellent and she was always attentive to any concerns you might have. The location of the apartment was also great, and everything was very clean and tidy – ideal if you’re traveling alone",9
8905515,2019-01-28T05:00:00Z,"The apartment is extremely well-located. It’s close to the Arcoverde metro station and near the beach, restaurants, bars, and banks. The room is very cozy, with a TV, fan, balcony, bed, and a wardrobe that accommodates those who tend to bring a lot of luggage. Renata is a fantastic host, very attentive, careful, and kind. She responds to messages with great speed, never leaving us stranded. She was also quite flexible, which made us feel at home. I recommend her apartment to anyone who wants an unforgettable experience in the heart of Copacabana, close to everything and with a decor that’s like a scene from a soap opera! I was enchanted with the apartment and with all the care and comfort I was given. Thank you R, for all the days!!! You made my trips the best of all!!! Kiss Grannnnde",1
8942282,2016-08-09T04:00:00Z,"Valria was a wonderful host. She was friendly, approachable, and attentive. She thought of every detail. The environment was spotless, beautiful, and cozy",9
9195855,2017-01-08T05:00:00Z,"Unsatisfactory cleanliness, the shower water heater was malfunctioning, the Wi-Fi was poor, the air conditioning was leaking water all over the balcony, and the room was very small",2
9195855,2017-12-31T05:00:00Z,"The apartment is exactly as it shows in the photos!

Everything was very clean!

The shower was really good!

The kitchen had all the necessary utensils",8
9195855,2018-02-19T05:00:00Z,"The accommodation is an apartment hotel with 24-hour security and reception. The shared facilities (pool, etc.) were in perfect condition. The location is excellent – it’s right on the beach and just 10 minutes from shopping centers by Uber.

Regarding the apartment, the cleanliness was excellent (they cleaned daily) and they were very attentive. The photos accurately describe the apartment, which has a beautiful sea view.

The Wi-Fi service needs improvement – you couldn’t regularly use Instagram or Netflix. The furnishings (lamps, mirror) also need attention. However, we felt very comfortable, thank you",8
9195855,2018-05-15T04:00:00Z,The apartment has a spectacular view of the beach and the area is very safe; there’s easy access to public transport,8
9195855,2018-09-08T04:00:00Z,"I was completely disappointed. The furniture was old, poor quality, and uncomfortable, consisting of two greasy sofas and a small table with four chairs. The cable TV failed at least once a day. The TV shown in the photos wasn’t actually in the room. The old, dusty, and broken curtains were useless for blocking the bright streetlights. The Wi-Fi, which was only 1 megabit, was completely ineffective; it wasn’t provided by the building management, as all the other apartments had 10 megabit connections, according to the condominium itself. The linens and towels were of very poor quality, in 4 sets, with 2 sets having only one pillowcase, and 3 sets without elastic straps to secure them to the mattress. The plates, cutlery, and pots were also of very poor quality, looking like remnants from a discarded set, with no matching plates and handles for the pots. The pots were extremely old and disgusting! There was a total lack of attention to making guests happy",2
9195855,2019-01-01T05:00:00Z,"This apartment is located in position 7 of Barra da Tijuca, and it’s very far from the center of Barra, but it has a supermarket a few blocks away and it’s right on the beach. It’s very comfortable",6
9172046,2019-01-28T05:00:00Z,"This is an excellent and very spacious apartment in the best area of Ipanema. It has 3 large bedrooms and 3 bathrooms. The living room is enormous. It’s close to the Ipanema and Leblon shopping centers, the beach, and the lagoon. All rooms have air conditioning, which is essential during these times. The building has a concierge who is very friendly",9
9200371,2016-01-02T05:00:00Z,"The apartment was excellent; the photos were completely accurate to the location. It was large, airy, and very well-located with buses to all areas and close by for a taxi to the most sought-after spots along the river. To top it off, the host was generous and gave me tips about the city and transportation. I definitely intend to stay in this apartment again when I return to the city",9
9200371,2017-01-01T05:00:00Z,"The place is nice and very safe, even for walking at night. It’s close to restaurants and markets.

Clarice and her mother were very friendly and helpful, as well as attentive.

We felt at home, it was very cozy.

The house has a lot of culture and a different atmosphere",8
9504767,2016-01-01T05:00:00Z,Sara was an amazing host. The communication was absolutely perfect. She answered all of my questions and concerns right away and ensured the apartment was perfect for our stay. The apartment is huge! Was perfect for 6 people and sooo close to the beach. We definitely recommend it. Thank you for making our stay in Rio perfect,9
9347161,2016-02-11T05:00:00Z,"Gabriela is an incredible host!

They personally welcomed us and took the time to show us all the environments of their wonderful apartment!

That place was incredible! It’s a cozy little corner of peace and very comfortable.

We loved the apartment and took care of it as if it were our own. Gabi, in addition to everything, became a friend :)

Thank you for being the best host I’ve ever met",1
9347161,2018-01-02T05:00:00Z,"This apartment is very nice. It’s a 10-minute walk to the metro and there are several markets and food options nearby. Beyond the hospitality of Gabi, who is incredibly attentive and lovely, I highly recommend it to everyone",8
9369576,2016-03-04T05:00:00Z,The suit is incredible. Across the street the street from the polo club the apartment offers great views of the surrounding mountains and you can literally sit on the huge balcony and enjoy a polo match. Unique and safe location. Highly recommend it,8
9369576,2018-02-21T05:00:00Z,"Great place, good location and very safe. I will be back for sure. Alexandre is great host",8
9296889,2019-01-24T05:00:00Z,"I stayed at Princípio deíticas 5 dias, and I ended up staying for 10, which was excellent space, clean and comfortable – it had everything I needed. Rafaela greeted me with a lot of warmth and friendliness; she’s an excellent person, always willing to help. I felt at home and I will definitely return",9
9258101,2016-11-06T04:00:00Z,"My stay at Dani’s apartment was very good! From the beginning, she was very attentive and always seemed very concerned about our stay, comfort, and safety in Rio. Moreover, the apartment was very well-equipped and comfortable. It was exactly as pictured! We thank Dani for her kindness and help",8
9404853,2016-01-07T05:00:00Z,The host canceled this reservation 30 days before arrival. This is an automated posting,1
9667647,2016-01-02T05:00:00Z,"We stayed during peak season and a festive period (New Year's Eve), so the price we paid for the apartment was quite reasonable. The apartment is well-located and has a nice space. Everything that was described in the listing description matched the space",8
9895628,2016-08-15T04:00:00Z,"Everything went perfectly! From the negotiation of the days of stay to the moment of key handover. The host was always available to answer any questions, the location was very pleasant. The duplex is very spacious, the main suite is very large and comfortable. In short, I recommend anyone looking for a stay in Rio de Janeiro to look for the Mah",9
9643051,2018-12-18T05:00:00Z,"It is a perfect cozy place, with the best breakfast in town and a wounderful Host",3
9951865,2018-02-15T05:00:00Z,"It really makes you feel like you're at home. I don’t remember another host who was so attentive to making sure everything seemed fine. It’s a very good location with restaurants, pharmacies, and everything you might need. Public transport is available",8
9987200,2019-01-27T05:00:00Z,"Timo, good value for money, the apartment had a great local host, it was close to the beach and the shopping center",7
9686887,2016-01-05T05:00:00Z,"This Airbnb was a complete disappointment. The location was misrepresented – it wasn’t near the beach like they claimed, but miles away in a really industrial area. The cleanliness was shockingly poor; there was dust everywhere, and the bathroom hadn’t been properly cleaned. There was absolutely no privacy; the walls were paper-thin, and we could hear every conversation from the neighboring apartment. The host, David, was unresponsive to our messages and didn’t bother to check in on us during our stay. The property itself was small and dated, and the promised amenities – like the coffee maker – weren’t functional. It was a waste of money and a very uncomfortable experience",2
9686887,2016-02-10T05:00:00Z,"We rented the apartment at Carnaval 2016, and it was a great experience! Besides the excellent location, the apartment was very comfortable, especially the balcony with the hammock. We thank Marcia very much for her hospitality, her flexibility with arrival and departure times",8
9686887,2016-08-23T04:00:00Z,"Marcia was very helpful and kind! She made us feel very welcome since our arrival, even showing all the directions around. The apartment is really well located, just in front of the Governors Palace! Ah, and it has a very comfy sofa too. 
A Marcia foi uma anfitri incrvel, muito atenciosa e gentil! Ela nos vez sentir em casa desde o momento que chegamos, at mesmo nos mostrando todas as direes nas redondezas. O apartamento  muito bem localizado, em frente do Palcio do Governador. Ah, e tambm tem um sof super confortvel",8
9686887,2017-01-03T05:00:00Z,"Marcia was incredibly attentive, and the stay in her apartment was fantastic! I highly recommend it",8
9686887,2018-01-04T05:00:00Z,"It’s a very beautiful, cozy apartment, clean and tidy, just like one’s own home. Plus, you’re surprised upon arrival with thoughtful touches. It’s well-located in a residential neighborhood, close to the Metro and buses. Marcia and her family are attentive to any questions you might have, advising you on where to shop and visit, and how to get around. I can only say thank you",9
9686887,2018-02-18T05:00:00Z,"Marcia was exceptional! She was warmly welcomed with breakfast. She was extremely kind and a great host. I plan to return other times and highly recommend it. The apartment is excellent. It’s well-equipped, very well-located, comfortable, spacious, cozy, and beautiful. It was quite quiet with the check-in and check-out",9
9590078,2016-01-05T05:00:00Z,"Excellent accommodation, on Barra Beach Street, close to everything – the market, restaurants, and nightclubs.

Practically on the sand.

Next to the Sheraton.

Very good, I loved it",8
9590078,2016-02-11T05:00:00Z,Excellent location right in front of the beach and a great welcome from the host,8
9590078,2016-08-18T04:00:00Z,"From the very first moment of booking and throughout our stay in Ro, Erika responded to all my inquiries kindly and instantly, advising me on what we needed and giving us a great sense of reassurance knowing she was available for any eventuality. The place is exactly as described; my husband and our two teenage children (12 and 17) felt very comfortable. Erika’s father, very friendly, greeted us with several refreshing drinks, milk, butter, bread, and chocolates, which were useful given the time we arrived to set up. The kitchen is fully equipped for cooking, with a coffee maker, toaster, kitchen towels, tablecloths, hot water, ceiling fans in both rooms, and air conditioning. There were large closets, and we had clean sheets and several towels. The bathroom had soap, toothpaste, and toilet paper. There were umbrellas and chairs for the beach, which were very helpful. Leaving the condominium, which has 24-hour security, and crossing the street leads to the beach, which is beautiful with very fun waves. The Sheraton is very close by, with bars, restaurants, a cash machine, kiosks, and a sector that has a pharmacy, supermarket, bakery, and ready-to-eat food, all within 2-3",1
9590078,2016-11-19T05:00:00Z,"I went to Rio de Janeiro with a friend/work colleague for a conference. Our stay at Erika’s apartment was generally good. The apartment is small, but complete. It has beach chairs, an umbrella, a coffee maker, a toaster… Mr. Waldyr welcomed us with a lot of attention and concern, showed us the apartment, explained some things, and even left water, juices and soft drinks in the refrigerator to welcome us. His hospitality was extraordinary. The only aspects that disappointed us and were negative points were the lack of Wi-Fi in the apartment, which was only available in the condominium with an extremely weak signal, which made it impossible for us to use it, and the mattress, which was very firm/hard and therefore uncomfortable",6
9590078,2017-01-01T05:00:00Z,"This apartment is highly recommended, with an excellent location. The beach is fantastic and transportation is very close by. The apartment has all the necessary amenities, although the Wi-Fi doesn’t work very well. Erika was attentive during our stay and to all our needs.

The place is exactly as described; my husband and our two children (9 and 12 years old) felt very comfortable there. Although we lost touch with Erika’s father (we arrived on December 25th with delays), he was waiting with the apartment stocked with fresh drinks and chocolates.

The kitchen is fully equipped for cooking, with dishes, a coffee maker, toaster, kitchen towels, and tablecloths. There was hot water, ceiling fans in both rooms, and air conditioning. It had large closets, and we had clean sheets and several towels. The bathroom had soap, toothpaste, and toilet paper. There were umbrellas and chairs for the beach, as well as a broom that my children made very good use of! And there was a cable TV, but we didn’t use it.

The complex also has a sauna, a small gym, and outdoor showers for rinsing off sand from the beach. There’s also a laundry room for washing clothes by hand and hanging them up. There are games for children and a football field.

Leaving the condominium, which has 24-hour security, you cross the street and you find the beach, which is beautiful and quiet in the morning with waves in the afternoon.

The Sheraton hotel is very close by; there are bars and restaurants, a bank, newsstands, and a sector with a pharmacy, market, bakery, and ready-to-eat food – all within 2/3 blocks. Regarding transportation, taxis are constantly available, and bus lines pass by. The location and place are ideal for enjoying an excellent stay in that lovely city. We were very grateful! Until next time",9
9590078,2017-01-20T05:00:00Z,"A village right in the heart of Barra da Tijuca!

Located approximately 300m from the beach due to the distance between the condominium entrance and the apartment, but you have to cross Av Lcio Costa!

Safe and quiet, with everything you need in terms of utensils.

There isn't enough space for a large group; it comfortably accommodates a couple and one child.

She suggests a portable air conditioner because the wall-mounted one is very noisy; otherwise, it was PERFECT",8
9590078,2017-03-11T05:00:00Z,"Erika was a great and attentive host. The check-in was flexible and she was able to accommodate my very late booking. Her parents greeted me at the apartment and were lovely and helpful. Erika was always available and communicative. The apartment complex is like a little village of friendly neighbors, the doormen were incredibly helpful and the location was a few minutes walking distance from the beach. I stayed here for a conference at Windsor Barra and it proved to be a godsend booking",9
9590078,2017-09-19T04:00:00Z,"The apartment was very close to the congress I attended, it was a condominium facing the beach with friendly doormen. The condominium was quiet and the apartment was comfortable. And the communication was excellent. Without mentioning Waldir, he was incredibly friendly",8
9590078,2018-07-15T04:00:00Z,"Erika is very communicative, hospitable and kind person. I had a great communication with her all the trip. The place is at great location: near to the ocean and hotels, close to the public transport, restaurants and the shopping downtown. The place has sauna, gym, playground for the kids, public living room. The neighbours are very kind and polite. Except all of that, the doorkeeper watches the entrance all the time so you dont need to worry about security or thieves. The place has everything you would expect and I have no complaints about it. Erika, once again, thank you",1
9590078,2019-01-10T05:00:00Z,"This is a small, comfortable house in a very secure and cozy condominium right in Barra, facing the beach. Great location and hospitality",8
9853331,2019-01-02T05:00:00Z,The host canceled this reservation 9 days before arrival. This is an automated posting,1
9614181,2019-01-29T05:00:00Z,"The location was very good. The apartment was worth the price. The hosts responded quickly and were very friendly. However, the bathroom was a little small, and thankfully it had air conditioning because it’s very hot in the city",8
9744478,2016-08-20T04:00:00Z,Maria was really helpful and very responsive to messages. She recommended some fantastic restaurants in the area and made everything very easy. We had a lovely time,8
9795621,2017-09-23T04:00:00Z,"Julio, our host, was a super nice person and gave us excellent tips for getting to know and enjoying the city of Rio de Janeiro. The apartment was great and very close to the Olympic Park",8
9795621,2017-09-24T04:00:00Z,Everything was perfect in the accommodation,8
9795621,2017-11-02T04:00:00Z,"I highly recommend it! Excellent hospitality!

Too attentive!

Timo was a great host!

They gave us wonderful tips for sightseeing in Rio!

The place is super cozy, organized, and very well-located",8
9795621,2017-11-05T04:00:00Z,"I want to thank Julio for all his hospitality and helpfulness.

This host was really great – they gave tons of helpful local tips and the location was excellent, with an easy walk to the Olympic Park and easy access to other areas of the city.

We can book without problems!

At a prxima",6
9795621,2017-11-20T05:00:00Z,"The apartment is well-located, right in front of the Olympic Park, comfortable, cozy, and clean. It was a good stay",8
9795621,2017-12-03T05:00:00Z,"We were super warmly welcomed by host Júlio, and he also made us feel very comfortable. It’s a great location, a clean apartment with all the necessary amenities. We recommend it and definitely plan to return",9
9795621,2017-12-14T05:00:00Z,"Perfect location! Easy access to transportation and services, close to Praia do Recreio (I recommend it).

The host’s hospitality was better than expected.

I recommend and reiterate the recommendation.

Our stay and that of my son were completely satisfactory.

I would definitely return",8
9795621,2018-01-03T05:00:00Z,"This place was quite hectic/busy, the host was rather rushed/demanding, the location has a wide range of transportation options, and the room was cozy",6
9795621,2018-01-06T05:00:00Z,"My stay was excellent. The host was very welcoming, relaxed, and helpful. Even though he was absent, we were able to make the most of the house because everything we needed was within easy reach – kitchenware, supermarkets, pharmacies, transportation, etc. We will definitely return!!! Highly recommended",8
9795621,2018-01-14T05:00:00Z,"The room was clean and very comfortable, well-located, and the host was very polite and always available.

I had an excellent stay. I recommend it",9
9795621,2018-01-19T05:00:00Z,"We appreciate Julio’s hospitality. Everything was as expected.

I recommend it",6
9795621,2018-01-27T05:00:00Z,"My boyfriend and I had an excellent experience. The apartment is very close to the BRT station, which makes it very easy to reach the main tourist attractions in the city. Not to mention the security that the condominium provides – we felt completely comfortable going out and arriving home at any time.

Julio was a fantastic host, who not only welcomed us warmly but also became part of our trip. He gave us excellent tips about places and activities. We highly recommend him",9
9795621,2018-02-16T05:00:00Z,"This is a very good place, easy to access and safe. I recommend it. Julio was a great host and helped a lot",8
9795621,2018-03-05T05:00:00Z,Excellent apartment for a couple! We loved it,6
9795621,2018-04-07T04:00:00Z,Tima estadia. Julio was very crowded/busy – not a good experience,2
9795621,2018-04-21T04:00:00Z,This place is ideal for those who need to be close to the Barra. It’s a new apartment with a comfortable room,6
9795621,2018-05-06T04:00:00Z,The location is convenient and the apartment is very comfortable! The host makes us feel very welcome,8
9795621,2018-05-13T04:00:00Z,"This apartment was clean, well-located, and had a good price.

Julio was an excellent host; he helped me with my questions and how to get to the apartment. Highly recommended",8
9795621,2018-05-19T04:00:00Z,The host canceled this reservation 9 days before arrival. This is an automated posting,1
9795621,2018-05-21T04:00:00Z,"This was a lovely apartment, a truly cozy space. The host was very helpful, and the building and surrounding area felt very safe. It’s really close to the Olympic Park – I can only offer praise. Anyone needing to stay in the area, I recommend it",8
9795621,2018-05-28T04:00:00Z,"This apartment is perfect for those visiting the Olympic Park. It’s very close and safe to walk around the neighborhood. It’s also possible to go to supermarkets in the area. The host was nice and offered help whenever we needed it, however the apartment wasn’t clean as described in other reviews. We don’t know what happened, but when we arrived, the bathroom floor and the bathroom itself were dirty, which wasn’t ideal for anyone. There were also a lack of furniture in the room; there was only one space inside the wardrobe, because the other side was filled with the host’s belongings. We couldn’t use the gym as described. The air conditioning and bed were okay. We appreciated our stay and hope that these errors don’t happen again with other guests",4
9795621,2018-07-01T04:00:00Z,"The apartment was fantastic, in a great location. We felt safe. We made the reservation the night before and, even though it was at the last minute, Julio responded very quickly, was attentive, and kept everything organized and clean for when we arrived. Furthermore, Julio offers good amenities that make the stay easier. We would stay there again",9
9795621,2018-07-08T04:00:00Z,"It’s a nice space to stay, always clean, great to spend time in, and super quiet!!

timo",8
9795621,2018-07-27T04:00:00Z,"Excellent host, highly recommend",6
9795621,2018-07-30T04:00:00Z,Excellent place with absolutely no noise – really very good. I recommend it,8
9795621,2018-08-07T04:00:00Z,Julio César was always very attentive and quick. Everything happened as expected and within the normal routine. It’s an excellent option for couples,8
9795621,2018-09-05T04:00:00Z,"Perfect for a couple, we had a fantastic experience, much better than we expected",8
9795621,2018-09-11T04:00:00Z,"The space at Jilio is very well located, close to the Olympic Park and Barra Beach. It’s organized and clean, with excellent communication and hospitality. I highly recommend it",9
9795621,2018-09-16T04:00:00Z,"No complaints, hospitable, charming, helpful, great location.

I highly recommend it",8
9795621,2018-09-28T04:00:00Z,"The location is called Timo Localizao, and it’s a quiet place. There’s complete trust in the host",4
9795621,2018-10-08T04:00:00Z,"The apartment is beautiful, comfortable, and clean. Julio was very friendly and gave us some recommendations about the neighborhood. We would definitely return! Thank you for everything! Best regards",9
9795621,2018-10-20T04:00:00Z,"I don’t even know where to begin… The place was simply incredible, with a beautiful view of Parque Olímpico, close to the BRT station, pharmacies and supermarkets, and it had excellent security! I felt really wanting to walk around the streets alone.

It was very clean and organized, with a special touch of care... all the people in the building were extremely welcoming, hospitable, and polite!

Julio was much more than I expected! He was polite, kind, and extremely helpful... I'm certain I made a great friend in Rio!

I recommend everyone who wants to go to Rio!!!

I had an excellent stay and want to return as soon as possible",1
9795621,2018-10-26T04:00:00Z,Julio is a super cool person and his apartment is excellent,6
9795621,2018-11-12T05:00:00Z,"The place was nice, Julio Cesar was very welcoming, and the location was good. We were very well received and got many recommendations for tours from the host, which were all excellent.

I highly recommend it for anyone looking for a quiet place with easy access and fast routes to tourist attractions",8
9795621,2018-12-01T05:00:00Z,"Jlio was an excellent host; he was very responsive and made us feel very comfortable. The apartment and location are excellent. Everything was set up, clean, and well-maintained. It’s close to Praia do Recreio and Barra Beach, with BRT access, a pharmacy, and a supermarket. Ideal for couples",9
9795621,2018-12-06T05:00:00Z,"Julio was very attentive and makes the guests feel comfortable, but he’s always there if we need anything!

The place is very cozy, and I definitely will return soon",8
9795621,2018-12-09T05:00:00Z,"Nothing to complain about, the host was very hospitable",6
9795621,2018-12-13T05:00:00Z,"The apartment is very well-located and secure (close to the shopping malls and the BRT etc.), Júlio César was very helpful and even made us coffee haha. I highly recommend the place and hope to stay there again, I recommend it",8
9795621,2019-01-02T05:00:00Z,Beautiful apartment located in a very lovely complex! It’s exactly as it appears in the photos. Julio always responded quickly and was very attentive/helpful. It’s very well-located in Barra de Tijuca,8
9795621,2019-01-10T05:00:00Z,"Julio Cesar was always very helpful and communicative (he even made us a coffee, which was great), the apartment corresponds to the photos, it has a fantastic location, and it’s a pleasure for us to stay there again.

Thank you for everything, Julio",1
9834391,2019-02-04T05:00:00Z,Okay stay was terrible,1
